label,baseline_cell_index,output_band_id,kperp_index,kpar_index,kperp_center_mpc_inv,kpar_mpc_inv,target_windowed_power,pure_eor_signed_error_percent,total_signed_error_percent,foreground_auto_over_target,geometric_window_response_fraction,window_effective_width
dpss_hard_e12_hann,0,109,6,13,0.3395836519008334,1.320497928197488,1.9859717465322976e-05,-7.727233690149898,-7.732521739592686,5.855127343972921e-06,0.9998745008693438,3.0092596187613085
dpss_hard_e12_hann,1,110,6,14,0.3395836519008334,1.422074691904987,1.8033723076932343e-05,-7.6417039523591965,-7.643316578291071,7.114546069361624e-06,0.9944773452292774,3.087078985149862
dpss_hard_e12_hann,2,125,7,13,0.3888796624911983,1.320497928197488,1.9063826206071633e-05,-11.097104452801108,-11.093294598041481,2.6100446616801866e-06,0.99988268979385,3.358579605246868
dpss_hard_e12_hann,3,126,7,14,0.3888796624911983,1.422074691904987,1.6872676325295237e-05,-15.688755153897702,-15.688861098789936,2.9483944521255424e-06,0.9931582085001531,3.287322206429051
dpss_hard_e12_hann,4,141,8,13,0.43817567308156313,1.320497928197488,1.7495144103073943e-05,-7.930979551633649,-7.928314374503927,1.3953877053408064e-06,0.9998710013883284,3.389353919854089
dpss_hard_e12_hann,5,142,8,14,0.43817567308156313,1.422074691904987,1.5870562989099945e-05,-6.535466392916812,-6.537245352557274,1.7120397343355572e-06,0.9898163610410373,3.566765522753108
dpss_hard_e12_hann,6,157,9,13,0.48747168367192806,1.320497928197488,1.6598873031254666e-05,-2.7432701631583485,-2.7459592591545894,9.380778050516055e-07,0.9998657468675269,3.5462803361888735
dpss_hard_e12_hann,7,158,9,14,0.48747168367192806,1.422074691904987,1.5284650310735703e-05,-5.480812263613177,-5.48435074769488,1.1636593167543912e-06,0.9857786939144811,3.534763822582332
dpss_hard_e12_hann,8,173,10,13,0.536767694262293,1.320497928197488,1.5197505505348874e-05,-7.868286555440947,-7.859971418831001,2.472965236919947e-06,0.9998728073117554,3.719883472574893
dpss_hard_e12_hann,9,174,10,14,0.536767694262293,1.422074691904987,1.3879080026739057e-05,-4.453724339487537,-4.449502588977718,2.1889469412894297e-06,0.982368635499593,3.8441214589906205
dpss_hard_e12_hann,10,189,11,13,0.5860637048526578,1.320497928197488,1.417847017345576e-05,2.560522848394398,2.572199886237569,1.8202290895795964e-06,0.9998634235187348,3.9458790245278323
dpss_hard_e12_hann,11,190,11,14,0.5860637048526578,1.422074691904987,1.321048372662123e-05,-1.853910538209631,-1.8449215756490227,2.731256384135845e-06,0.9775319410098385,3.858200552318556
dpss_hard_e12_hann,12,205,12,13,0.6353597154430227,1.320497928197488,1.3277653591491021e-05,0.8121015756062798,0.8139948379818096,1.2810916601175645e-06,0.9998012604804786,4.13317271029851
dpss_hard_e12_hann,13,206,12,14,0.6353597154430227,1.422074691904987,1.2141389996687752e-05,-2.663457469911817,-2.6641337210088203,1.2297620724768646e-06,0.9707782175253573,4.030561664640125
dpss_hard_e12_hann,14,221,13,13,0.6846557260333876,1.320497928197488,1.2316646975165284e-05,-11.4721709391124,-11.471463827583433,7.285459080958662e-08,0.9996473710115102,4.382159740512636
dpss_hard_e12_hann,15,222,13,14,0.6846557260333876,1.422074691904987,1.1395475457985757e-05,-6.037428769949876,-6.038461844183027,8.021871326108399e-08,0.9657139481766308,4.39909084181422
dpss_hard_e12_hann,16,237,14,13,0.7339517366237525,1.320497928197488,1.1619397788337943e-05,1.7808290462046041,1.781526146506399,7.819282187837877e-08,0.9993049198887699,4.725443694480628
dpss_hard_e12_hann,17,238,14,14,0.7339517366237525,1.422074691904987,1.0648030561293863e-05,1.4914660629135137,1.4913786549064256,8.903583400246203e-08,0.9560047882777968,4.762951361787712
dpss_hard_e12_hann,18,253,15,13,0.7832477472141173,1.320497928197488,1.0713788431734334e-05,0.6963951047393984,0.6958109020521605,9.257002636682607e-08,0.9988834741427808,4.883921065208625
dpss_hard_e12_hann,19,254,15,14,0.7832477472141173,1.422074691904987,9.815545694277458e-06,-7.839014066078724,-7.840162642190397,1.0366471219906761e-07,0.9515059848132954,4.9969868711523935
none_hann,0,109,6,13,0.3395836519008334,1.320497928197488,1.986014129320393e-05,-7.714906354637583,9517.327627065048,95.20634800151463,0.9998718971455979,3.0107409930203053
none_hann,1,110,6,14,0.3395836519008334,1.422074691904987,1.8033739679637722e-05,-7.674560410459474,2499.585030418562,25.136603938594806,0.994468729331455,3.0882087741876245
none_hann,2,125,7,13,0.3888796624911983,1.320497928197488,1.906388379735049e-05,-11.119643850443298,12149.10669875779,122.02734913716344,0.9998800916254946,3.3598931554816773
none_hann,3,126,7,14,0.3888796624911983,1.422074691904987,1.6872951031769385e-05,-15.655964010740039,4560.0604012408685,45.78607491780799,0.993147021843396,3.2882760484042293
none_hann,4,141,8,13,0.43817567308156313,1.320497928197488,1.749499926747594e-05,-7.8952514059383,15267.406330633254,152.58702464180223,0.9998675472287232,3.3899892488665495
none_hann,5,142,8,14,0.43817567308156313,1.422074691904987,1.5870657567488672e-05,-6.565781005322756,7273.624452335618,72.89079588895846,0.9898001575037855,3.5675423041901557
none_hann,6,157,9,13,0.48747168367192806,1.320497928197488,1.6598818464310753e-05,-2.7338221254248616,21795.346117345154,219.19532402009816,0.9998622280583118,3.5468240864215064
none_hann,7,158,9,14,0.48747168367192806,1.422074691904987,1.5284664514681916e-05,-5.496791856083809,10179.5347459696,101.02226751329133,0.9857585745578687,3.5353981166764643
none_hann,8,173,10,13,0.536767694262293,1.320497928197488,1.5197737379810842e-05,-7.847643420017617,94588.94436509168,947.3453424481469,0.9998673241970373,3.7208947901200493
none_hann,9,174,10,14,0.536767694262293,1.422074691904987,1.3879135665973334e-05,-4.464209158629784,45737.41069642752,455.02719397216475,0.9823302320665995,3.844787520454086
none_hann,10,189,11,13,0.5860637048526578,1.320497928197488,1.4178654094291641e-05,2.6022017212142323,72811.10271718336,726.6279802156083,0.9998579767866111,3.9466881760619237
none_hann,11,190,11,14,0.5860637048526578,1.422074691904987,1.3210508934809298e-05,-1.892725585230641,36691.85335059097,365.3308243785974,0.9774896330256011,3.8587805598815637
none_hann,12,205,12,13,0.6353597154430227,1.320497928197488,1.3277830763987947e-05,0.8318892107001775,34600.994720358525,345.53114117683145,0.9997956338749039,4.133820447044946
none_hann,13,206,12,14,0.6353597154430227,1.422074691904987,1.2141457517053934e-05,-2.6713940300824155,16920.193003034452,169.4539971357729,0.9707326593693377,4.03121705908622
none_hann,14,221,13,13,0.6846557260333876,1.320497928197488,1.2316526415211347e-05,-11.393906903216807,2184.9323515968977,21.65003285681921,0.9996376021803783,4.381676491484131
none_hann,15,222,13,14,0.6846557260333876,1.422074691904987,1.1395378498216254e-05,-6.033230956824156,941.9438046366201,9.756427707463093,0.9657078596543256,4.398748761344077
none_hann,16,237,14,13,0.7339517366237525,1.320497928197488,1.1619424142355662e-05,1.7914671014736663,2002.4009182852865,20.61446021607292,0.9992932304190754,4.725032044461118
none_hann,17,238,14,14,0.7339517366237525,1.422074691904987,1.064795730271367e-05,1.5160019612618512,982.2493710906009,9.525772200508108,0.9560105548096897,4.762457684505905
none_hann,18,253,15,13,0.7832477472141173,1.320497928197488,1.0713796983364089e-05,0.7563141661342706,2121.6504472079955,21.279217250993305,0.9988698789230861,4.88356366120369
none_hann,19,254,15,14,0.7832477472141173,1.422074691904987,9.815524348421358e-06,-7.831577675909091,964.3019902187357,9.712848906359417,0.9515138734439705,4.996729392012611
dpss_hard_e6_hann,0,109,6,13,0.3395836519008334,1.320497928197488,1.9860005433387684e-05,-7.714358893918795,-7.549457948536712,0.002145377655756502,0.9998711701343195,3.0101056841424936
dpss_hard_e6_hann,1,110,6,14,0.3395836519008334,1.422074691904987,1.8033732053627066e-05,-7.657326877883419,-7.454328692479921,0.0008071622078094239,0.9944657639486499,3.0876654756569177
dpss_hard_e6_hann,2,125,7,13,0.3888796624911983,1.320497928197488,1.9063936059097683e-05,-11.127504053450354,-10.773924956313909,0.0014776606969383191,0.9998795469417276,3.359363331975925
dpss_hard_e6_hann,3,126,7,14,0.3888796624911983,1.422074691904987,1.6872854129592456e-05,-15.649237100230225,-15.693020763508006,0.0005912497687846781,0.9931456666101535,3.287812247459343
dpss_hard_e6_hann,4,141,8,13,0.43817567308156313,1.320497928197488,1.749500778410878e-05,-7.8942655086909035,-7.785182478525695,0.0021216267065427195,0.999867041240684,3.3894626083970985
dpss_hard_e6_hann,5,142,8,14,0.43817567308156313,1.422074691904987,1.587063343329384e-05,-6.556554481019826,-6.28924896277762,0.0009436963580350823,0.9898000848767501,3.5671371362272537
dpss_hard_e6_hann,6,157,9,13,0.48747168367192806,1.320497928197488,1.6598825778717727e-05,-2.727033614676318,-2.787174920345498,4.805751957598635e-05,0.9998629326234619,3.546393357189002
dpss_hard_e6_hann,7,158,9,14,0.48747168367192806,1.422074691904987,1.528467236615597e-05,-5.497784675753121,-5.416549640692347,7.070307480258197e-05,0.9857648888766662,3.5350634007390696
dpss_hard_e6_hann,8,173,10,13,0.536767694262293,1.320497928197488,1.519770397191884e-05,-7.850148605763742,-7.5701917316354725,0.000656790559832573,0.9998678582645809,3.7205251898377285
dpss_hard_e6_hann,9,174,10,14,0.536767694262293,1.422074691904987,1.3879143014797823e-05,-4.452363089122863,-4.256669995619037,0.0009168898306817647,0.9823379923110871,3.8445243338540007
dpss_hard_e6_hann,10,189,11,13,0.5860637048526578,1.320497928197488,1.4178626425691982e-05,2.6111628106171554,2.5520551641161666,0.0023566354844253533,0.9998584563858264,3.9464093221539076
dpss_hard_e6_hann,11,190,11,14,0.5860637048526578,1.422074691904987,1.3210513621852524e-05,-1.8954253836935941,-0.7084352549358309,0.003202875625473781,0.9774985038658007,3.8585712898440643
dpss_hard_e6_hann,12,205,12,13,0.6353597154430227,1.320497928197488,1.3277774189532688e-05,0.8190764730238511,0.8198891247984295,0.00024079776935914806,0.9997955515339388,4.133392542495533
dpss_hard_e6_hann,13,206,12,14,0.6353597154430227,1.422074691904987,1.2141430168204632e-05,-2.661709342978279,-2.659808768653459,0.00010946973992604389,0.9707504266298577,4.030799629256563
dpss_hard_e6_hann,14,221,13,13,0.6846557260333876,1.320497928197488,1.2316471156687043e-05,-11.381394909259978,-11.370820184108094,5.1335059757015324e-05,0.9996372151554671,4.381149723247615
dpss_hard_e6_hann,15,222,13,14,0.6846557260333876,1.422074691904987,1.1395358193555644e-05,-6.022777302146983,-6.0084121837001465,2.116691774702951e-05,0.9657271497722167,4.398350974672385
dpss_hard_e6_hann,16,237,14,13,0.7339517366237525,1.320497928197488,1.1619390288016418e-05,1.8096015326715522,1.8800571637016803,0.00012186886480998653,0.9992926675779409,4.724545880879264
dpss_hard_e6_hann,17,238,14,14,0.7339517366237525,1.422074691904987,1.064791494921355e-05,1.5035730162929453,1.5071369550734257,5.117018335535978e-05,0.9560320718322328,4.761975999882407
dpss_hard_e6_hann,18,253,15,13,0.7832477472141173,1.320497928197488,1.0713768378462601e-05,0.747262128013915,0.4702118627842481,0.0003528598344348881,0.9988694229796446,4.883041944421227
dpss_hard_e6_hann,19,254,15,14,0.7832477472141173,1.422074691904987,9.815489819274606e-06,-7.837227808623329,-7.703578967261036,0.00014686269505609687,0.951532051149786,4.996302466480512
dpss_soft_e12_r1e4_hann,0,109,6,13,0.3395836519008334,1.320497928197488,1.986009584265355e-05,-7.722376944083405,-3.6779508795573292,0.049169565384105135,0.9998714861493463,3.010495658021564
dpss_soft_e12_r1e4_hann,1,110,6,14,0.3395836519008334,1.422074691904987,1.8033742339207145e-05,-7.67581807340777,-4.761146559919073,0.017570183345947243,0.9944671274500911,3.0880196257475605
dpss_soft_e12_r1e4_hann,2,125,7,13,0.3888796624911983,1.320497928197488,1.9063909664136166e-05,-11.123752258042398,-8.900895909948533,0.016446123124929945,0.999879779278726,3.3596765537569317
dpss_soft_e12_r1e4_hann,3,126,7,14,0.3888796624911983,1.422074691904987,1.6872917460164495e-05,-15.653672301924013,-15.091799204324364,0.009104422116098108,0.9931460540837258,3.2881012175788333
dpss_soft_e12_r1e4_hann,4,141,8,13,0.43817567308156313,1.320497928197488,1.7495000256456773e-05,-7.897951596944437,0.1631075293059653,0.09114125951184907,0.9998672289722628,3.3897391222120667
dpss_soft_e12_r1e4_hann,5,142,8,14,0.43817567308156313,1.422074691904987,1.587064623162456e-05,-6.5628312733387055,4.551596002204171,0.08115855056933549,0.9897996568902505,3.5673650091276676
dpss_soft_e12_r1e4_hann,6,157,9,13,0.48747168367192806,1.320497928197488,1.6598798540720903e-05,-2.7363052000976364,-1.5521971548993736,0.021391785588224695,0.9998619110631537,3.546599239173126
dpss_soft_e12_r1e4_hann,7,158,9,14,0.48747168367192806,1.422074691904987,1.5284660679261423e-05,-5.4978060493591,-2.2583294300289127,0.017932399467709904,0.985759034532646,3.5352223730968584
dpss_soft_e12_r1e4_hann,8,173,10,13,0.536767694262293,1.320497928197488,1.5197703982731166e-05,-7.848467162085587,6.965584891437014,0.11996726761687397,0.9998669968298195,3.7206654508162873
dpss_soft_e12_r1e4_hann,9,174,10,14,0.536767694262293,1.422074691904987,1.3879130242227287e-05,-4.459483417041319,7.0131634093052435,0.10579264715893459,0.9823325617643371,3.8445999355722664
dpss_soft_e12_r1e4_hann,10,189,11,13,0.5860637048526578,1.320497928197488,1.4178619153093635e-05,2.606817511401604,12.33046657202676,0.12593249890099972,0.9998576899137678,3.94647157521697
dpss_soft_e12_r1e4_hann,11,190,11,14,0.5860637048526578,1.422074691904987,1.321050035405759e-05,-1.891580379629074,14.5340736926963,0.11068570069322665,0.9774939769299013,3.8586010212853594
dpss_soft_e12_r1e4_hann,12,205,12,13,0.6353597154430227,1.320497928197488,1.327780685606586e-05,0.8385705295690336,7.506319290826211,0.04640344463426223,0.9997952660933043,4.133609634475363
dpss_soft_e12_r1e4_hann,13,206,12,14,0.6353597154430227,1.422074691904987,1.2141450523987324e-05,-2.6757940565233223,0.4795436145498732,0.03854730403026427,0.9707394242049973,4.031039963390929
dpss_soft_e12_r1e4_hann,14,221,13,13,0.6846557260333876,1.320497928197488,1.2316501990544407e-05,-11.387270240952864,-10.858933962000858,0.004045444132148053,0.9996372309653694,4.381407848006548
dpss_soft_e12_r1e4_hann,15,222,13,14,0.6846557260333876,1.422074691904987,1.139537489646001e-05,-6.024237711995421,-5.584377226869651,0.00259249525509688,0.965716305589792,4.398572626869311
dpss_soft_e12_r1e4_hann,16,237,14,13,0.7339517366237525,1.320497928197488,1.1619410886732057e-05,1.7854921282954788,2.285682925061779,0.0037049491504373344,0.999292935799466,4.72477942140574
dpss_soft_e12_r1e4_hann,17,238,14,14,0.7339517366237525,1.422074691904987,1.064794163658312e-05,1.5235632099511962,1.950769619392851,0.002780731898714752,0.9560207273118541,4.762236227369653
dpss_soft_e12_r1e4_hann,18,253,15,13,0.7832477472141173,1.320497928197488,1.0713784100994122e-05,0.7558081792077178,0.2014533929848825,0.0044362884740631985,0.9988697659557699,4.883271662670956
dpss_soft_e12_r1e4_hann,19,254,15,14,0.7832477472141173,1.422074691904987,9.81550898209286e-06,-7.833715662933508,-7.180050354677957,0.003520182787845124,0.951523176291349,4.996514764100006
dpss_soft_e12_r1e8_hann,0,109,6,13,0.3395836519008334,1.320497928197488,1.985997774147693e-05,-7.699674099271234,-7.698393410197771,5.241622678977723e-05,0.9998721776007541,3.009972612446395
dpss_soft_e12_r1e8_hann,1,110,6,14,0.3395836519008334,1.422074691904987,1.8033744725087406e-05,-7.656354906585928,-7.6523957673534575,2.759204597209431e-05,0.9944691848662012,3.087594150012021
dpss_soft_e12_r1e8_hann,2,125,7,13,0.3888796624911983,1.320497928197488,1.9063923520871515e-05,-11.123370156845246,-11.113630441878433,1.2636698205215505e-05,0.9998805260026585,3.3591746974022945
dpss_soft_e12_r1e8_hann,3,126,7,14,0.3888796624911983,1.422074691904987,1.6872808938690532e-05,-15.651756257892135,-15.6513737014123,1.4746174155159514e-05,0.9931493215704179,3.2876850242571143
dpss_soft_e12_r1e8_hann,4,141,8,13,0.43817567308156313,1.320497928197488,1.7495033186998733e-05,-7.882391582828475,-7.889990432397004,1.9877469597768335e-05,0.999868126722805,3.3892139048861476
dpss_soft_e12_r1e8_hann,5,142,8,14,0.43817567308156313,1.422074691904987,1.5870587289119295e-05,-6.558227181493188,-6.502789985514424,3.068952803163627e-05,0.9898052261103095,3.56688822957275
dpss_soft_e12_r1e8_hann,6,157,9,13,0.48747168367192806,1.320497928197488,1.6598780459658827e-05,-2.732908861694674,-2.753158355214464,5.158803025991345e-06,0.9998630411830521,3.5461761778751844
dpss_soft_e12_r1e8_hann,7,158,9,14,0.48747168367192806,1.422074691904987,1.5284642238088013e-05,-5.495114132441144,-5.486265786768924,4.515344220962793e-06,0.9857676737095825,3.534813716983092
dpss_soft_e12_r1e8_hann,8,173,10,13,0.536767694262293,1.320497928197488,1.5197629343048983e-05,-7.852087376519691,-7.873223178585646,4.461511218903373e-05,0.9998683433344677,3.7202469447626343
dpss_soft_e12_r1e8_hann,9,174,10,14,0.536767694262293,1.422074691904987,1.3879111747097746e-05,-4.450432255795476,-4.389434624289875,1.9697560808888323e-05,0.9823449084130413,3.844265642893195
dpss_soft_e12_r1e8_hann,10,189,11,13,0.5860637048526578,1.320497928197488,1.417854388968947e-05,2.5847376303222744,2.6417475730763247,3.7309826547887715e-05,0.9998595939422706,3.946110715631784
dpss_soft_e12_r1e8_hann,11,190,11,14,0.5860637048526578,1.422074691904987,1.3210487807149384e-05,-1.8569519224018793,-1.8079975856671069,2.4913498404650454e-05,0.9775106686285581,3.858325589766726
dpss_soft_e12_r1e8_hann,12,205,12,13,0.6353597154430227,1.320497928197488,1.3277740695746386e-05,0.8306030612629722,0.8297103215502604,1.1750735279105072e-05,0.9997975923057509,4.133312715610946
dpss_soft_e12_r1e8_hann,13,206,12,14,0.6353597154430227,1.422074691904987,1.2141427209503378e-05,-2.674203160128414,-2.6771083501989126,7.982650068126608e-06,0.9707593998040338,4.030749102681655
dpss_soft_e12_r1e8_hann,14,221,13,13,0.6846557260333876,1.320497928197488,1.2316466336509485e-05,-11.395511002131817,-11.394394135946232,6.61065711953588e-07,0.9996398800040739,4.381037104062854
dpss_soft_e12_r1e8_hann,15,222,13,14,0.6846557260333876,1.422074691904987,1.1395352687673273e-05,-6.018928634341377,-6.018151098929422,3.066314321715007e-07,0.9657346978089413,4.398307679802415
dpss_soft_e12_r1e8_hann,16,237,14,13,0.7339517366237525,1.320497928197488,1.1619357098479579e-05,1.7999874852700475,1.8007861319837444,5.305987801646704e-07,0.9992960784168243,4.724427891600909
dpss_soft_e12_r1e8_hann,17,238,14,14,0.7339517366237525,1.422074691904987,1.0647902014747391e-05,1.5172412686501975,1.519454825015792,2.6825895837235905e-07,0.956037174553115,4.7619561645386295
dpss_soft_e12_r1e8_hann,18,253,15,13,0.7832477472141173,1.320497928197488,1.0713749968108114e-05,0.7707671333463867,0.7567107582149885,6.692594110765546e-07,0.9988738543036935,4.8829063003235476
dpss_soft_e12_r1e8_hann,19,254,15,14,0.7832477472141173,1.422074691904987,9.815463028038925e-06,-7.8407002495042875,-7.835750429345898,3.7168794471599305e-07,0.9515364604532707,4.9962084830877815
dpss_hard_e12_blackman_harris,0,109,6,13,0.3395836519008334,1.320497928197488,2.004144425420781e-05,-8.948672161612484,-8.958941997138865,6.09698726790946e-06,0.9990778526240122,3.9467971268351603
dpss_hard_e12_blackman_harris,1,110,6,14,0.3395836519008334,1.422074691904987,1.8152970286315122e-05,-9.433880570899952,-9.441781178683685,6.899645337387602e-06,0.9633413978050677,4.0079092216307
dpss_hard_e12_blackman_harris,2,125,7,13,0.3888796624911983,1.320497928197488,1.909093316896945e-05,-11.193430690945833,-11.192703321671543,2.595777051301937e-06,0.9989500223595575,4.250940296947061
dpss_hard_e12_blackman_harris,3,126,7,14,0.3888796624911983,1.422074691904987,1.70955991365087e-05,-16.41728128331153,-16.418882722065632,2.9788872963612905e-06,0.9646139439810647,4.178431098779492
dpss_hard_e12_blackman_harris,4,141,8,13,0.43817567308156313,1.320497928197488,1.7550957813486445e-05,-7.683909105892045,-7.679602576318791,1.2359827871650889e-06,0.9985533091367622,4.29654752418544
dpss_hard_e12_blackman_harris,5,142,8,14,0.43817567308156313,1.422074691904987,1.5950546082986886e-05,-5.65976953661714,-5.6619268394666165,1.5350977854041305e-06,0.9591934749942297,4.452046057101946
dpss_hard_e12_blackman_harris,6,157,9,13,0.48747168367192806,1.320497928197488,1.667120720707234e-05,-5.087391240041855,-5.089073794728298,1.0262333961852641e-06,0.9980503187733896,4.370449190432257
dpss_hard_e12_blackman_harris,7,158,9,14,0.48747168367192806,1.422074691904987,1.532972748366507e-05,-4.934309671789239,-4.935852987220198,1.2231141145741375e-06,0.9546993080504281,4.361236302613679
dpss_hard_e12_blackman_harris,8,173,10,13,0.536767694262293,1.320497928197488,1.5287673156194145e-05,-7.417988652207639,-7.408996905507885,2.6721641116266464e-06,0.997633669903501,4.538592241835834
dpss_hard_e12_blackman_harris,9,174,10,14,0.536767694262293,1.422074691904987,1.3942574808650027e-05,-5.534031911436201,-5.528745861529719,2.4067706200410783e-06,0.9517630194909864,4.6073919022051975
dpss_hard_e12_blackman_harris,10,189,11,13,0.5860637048526578,1.320497928197488,1.4287334454056847e-05,1.380160446451702,1.393713671639487,2.0000655777384307e-06,0.9970224796126473,4.721146641851943
dpss_hard_e12_blackman_harris,11,190,11,14,0.5860637048526578,1.422074691904987,1.3273276103795304e-05,-3.2184873416011555,-3.2097417416163667,2.749913422114552e-06,0.946605918995385,4.647337297765528
dpss_hard_e12_blackman_harris,12,205,12,13,0.6353597154430227,1.320497928197488,1.3370921205130745e-05,-0.1550286768881697,-0.1561320791538503,1.2040049459512081e-06,0.9959459145812133,4.896131965099779
dpss_hard_e12_blackman_harris,13,206,12,14,0.6353597154430227,1.422074691904987,1.2215042889710915e-05,-2.632635503459995,-2.6338236361575227,1.23044888318024e-06,0.9393800878343463,4.777991741700846
dpss_hard_e12_blackman_harris,14,221,13,13,0.6846557260333876,1.320497928197488,1.2405473306354315e-05,-12.686628503109498,-12.686105016825215,6.974855417099515e-08,0.9951240953181678,5.149307107014564
dpss_hard_e12_blackman_harris,15,222,13,14,0.6846557260333876,1.422074691904987,1.1457977480916598e-05,-8.30989596153296,-8.310563334300422,7.804275384968053e-08,0.9383113877184893,5.109691546734107
dpss_hard_e12_blackman_harris,16,237,14,13,0.7339517366237525,1.320497928197488,1.1678763384704305e-05,3.43725320962987,3.4379760826684787,7.786507907422805e-08,0.9935208115293445,5.468462394265046
dpss_hard_e12_blackman_harris,17,238,14,14,0.7339517366237525,1.422074691904987,1.0722579220199761e-05,4.296377328300747,4.297110525853201,8.994724872083477e-08,0.9322243652122875,5.453802247859602
dpss_hard_e12_blackman_harris,18,253,15,13,0.7832477472141173,1.320497928197488,1.0768334316481748e-05,0.42697264974629195,0.426111792482656,9.494983521412306e-08,0.9923871367021339,5.653680778931863
dpss_hard_e12_blackman_harris,19,254,15,14,0.7832477472141173,1.422074691904987,9.887018852187917e-06,-7.697189656279846,-7.698994890695178,1.0465476354861908e-07,0.9265063772089472,5.7193400429351176
chebyshev_d3_hann,0,109,6,13,0.3395836519008334,1.320497928197488,1.9860125885588377e-05,-7.717817770702194,127.70649494224529,1.4238634117038005,0.9998716056479536,3.0106316746068753
chebyshev_d3_hann,1,110,6,14,0.3395836519008334,1.422074691904987,1.803374383742586e-05,-7.681178961342291,106.51238410402584,1.037234926644509,0.9944676748192521,3.0881294486735578
chebyshev_d3_hann,2,125,7,13,0.3888796624911983,1.320497928197488,1.9063900942112696e-05,-11.124878907873697,255.3127385383223,2.5933506704725517,0.999879843546164,3.359801730475554
chebyshev_d3_hann,3,126,7,14,0.3888796624911983,1.422074691904987,1.6872941599417483e-05,-15.650624310589453,177.61810182722874,1.9803546425622875,0.9931462212802736,3.2882045858989306
chebyshev_d3_hann,4,141,8,13,0.43817567308156313,1.320497928197488,1.749500134883481e-05,-7.89753847033865,974.1199976606557,9.846175583895961,0.9998672916404845,3.3898922256281563
chebyshev_d3_hann,5,142,8,14,0.43817567308156313,1.422074691904987,1.5870659039221984e-05,-6.562317322891381,737.3900386101872,7.5917353768154365,0.9897994565267231,3.5674817174641187
chebyshev_d3_hann,6,157,9,13,0.48747168367192806,1.320497928197488,1.6598815302581916e-05,-2.736955893983641,468.6090581633544,4.5175775684607835,0.9998619806176152,3.5467518320689964
chebyshev_d3_hann,7,158,9,14,0.48747168367192806,1.422074691904987,1.5284667612011655e-05,-5.4945110259457275,301.65254725754033,3.168951201539714,0.9857580851121551,3.535349114984556
chebyshev_d3_hann,8,173,10,13,0.536767694262293,1.320497928197488,1.5197732203775284e-05,-7.845180362800644,3521.0095006862944,35.50728486797976,0.9998670936406595,3.720836312233466
chebyshev_d3_hann,9,174,10,14,0.536767694262293,1.422074691904987,1.3879136887357954e-05,-4.467146347238419,2522.153410891085,25.70294005898238,0.9823301496852725,3.8447428601776052
chebyshev_d3_hann,10,189,11,13,0.5860637048526578,1.320497928197488,1.4178648841582248e-05,2.590474764570999,6703.72358634861,66.56354864439483,0.9998577376941532,3.946637166204027
chebyshev_d3_hann,11,190,11,14,0.5860637048526578,1.422074691904987,1.3210508522557885e-05,-1.8880555985023602,4765.868260819002,48.8424508074538,0.9774898557150727,3.8587415670604606
chebyshev_d3_hann,12,205,12,13,0.6353597154430227,1.320497928197488,1.3277828459552503e-05,0.8247445659545145,5217.307123553839,52.68288063008743,0.9997953402902553,4.1337719327716345
chebyshev_d3_hann,13,206,12,14,0.6353597154430227,1.422074691904987,1.2141457780537366e-05,-2.6719918417294477,3800.8677844231356,37.85472792602526,0.9707333037589039,4.031182017789104
chebyshev_d3_hann,14,221,13,13,0.6846557260333876,1.320497928197488,1.2316521844532581e-05,-11.39907765817347,339.8406077334473,3.6014302995348397,0.9996372504472125,4.381617717145496
chebyshev_d3_hann,15,222,13,14,0.6846557260333876,1.422074691904987,1.139537938292666e-05,-6.029387435686746,257.6788345201731,2.5322239759594183,0.965708999045942,4.398712744764237
chebyshev_d3_hann,16,237,14,13,0.7339517366237525,1.320497928197488,1.1619424268366387e-05,1.7928851300172344,593.6293498940205,5.8369841608558195,0.9992928228263637,4.7249810309255595
chebyshev_d3_hann,17,238,14,14,0.7339517366237525,1.422074691904987,1.0647955990628954e-05,1.5145066835540708,422.6841655046529,4.205842454539177,0.956012299023381,4.762410109666121
chebyshev_d3_hann,18,253,15,13,0.7832477472141173,1.320497928197488,1.071379662824858e-05,0.7551221983557848,891.6581125438985,8.766288477471143,0.9988694329177251,4.883510461854516
chebyshev_d3_hann,19,254,15,14,0.7832477472141173,1.422074691904987,9.815523678275562e-06,-7.834957387715013,627.6156479491086,6.317109335911749,0.9515155072303368,4.996688202453198
chebyshev_rankmatched_e12_hann,0,109,6,13,0.3395836519008334,1.320497928197488,1.9859684929070604e-05,-7.726477778054447,-7.731414177225234,5.829392409002496e-06,0.9998749972565076,3.009215045550342
chebyshev_rankmatched_e12_hann,1,110,6,14,0.3395836519008334,1.422074691904987,1.803371583513169e-05,-7.642300677438274,-7.644064044880173,7.129371270377027e-06,0.9944792128446309,3.0870280283117264
chebyshev_rankmatched_e12_hann,2,125,7,13,0.3888796624911983,1.320497928197488,1.906379023470318e-05,-11.095710755477747,-11.092158197466393,2.6157882663518867e-06,0.9998832148779064,3.358521890895097
chebyshev_rankmatched_e12_hann,3,126,7,14,0.3888796624911983,1.422074691904987,1.687264539118093e-05,-15.691970962708904,-15.692009930032608,2.932610177633507e-06,0.9931604104053016,3.2872708694310697
chebyshev_rankmatched_e12_hann,4,141,8,13,0.43817567308156313,1.320497928197488,1.7495201297403023e-05,-7.933453075479553,-7.930763833377233,1.4006572202751835e-06,0.9998719543618799,3.3896347395338022
chebyshev_rankmatched_e12_hann,5,142,8,14,0.43817567308156313,1.422074691904987,1.587060059679398e-05,-6.535659387725371,-6.537471170838141,1.7082392883446014e-06,0.989819477375615,3.5669664907796976
chebyshev_rankmatched_e12_hann,6,157,9,13,0.48747168367192806,1.320497928197488,1.659894038490205e-05,-2.741918905189206,-2.7442953606145117,9.379198202624755e-07,0.9998667920015158,3.5464939237101554
chebyshev_rankmatched_e12_hann,7,158,9,14,0.48747168367192806,1.422074691904987,1.5284681561525443e-05,-5.488186160528077,-5.491848915043089,1.1501649451475443e-06,0.9857815672790086,3.5349481741633233
chebyshev_rankmatched_e12_hann,8,173,10,13,0.536767694262293,1.320497928197488,1.5197606935345029e-05,-7.872020732389682,-7.863747024668384,2.4717821207518897e-06,0.999872774634176,3.7202669578284127
chebyshev_rankmatched_e12_hann,9,174,10,14,0.536767694262293,1.422074691904987,1.3879115301582932e-05,-4.44276407118194,-4.438479202805266,2.1888385199675994e-06,0.9823657918202507,3.8443473849289895
chebyshev_rankmatched_e12_hann,10,189,11,13,0.5860637048526578,1.320497928197488,1.4178583821204865e-05,2.561649936035384,2.57320963260217,1.8143951930334125e-06,0.9998634126153799,3.94625657084406
chebyshev_rankmatched_e12_hann,11,190,11,14,0.5860637048526578,1.422074691904987,1.321052618142091e-05,-1.8397778251332553,-1.8306712978227138,2.735540984314822e-06,0.9775275667826774,3.8584175046526825
chebyshev_rankmatched_e12_hann,12,205,12,13,0.6353597154430227,1.320497928197488,1.3277752999648576e-05,0.8203576732423303,0.8222455058438454,1.2904741179916179e-06,0.9998015350194924,4.133540380113541
chebyshev_rankmatched_e12_hann,13,206,12,14,0.6353597154430227,1.422074691904987,1.2141429639129262e-05,-2.6654458339292577,-2.666813400517409,1.2355773893042467e-06,0.9707717186356484,4.030777707950032
chebyshev_rankmatched_e12_hann,14,221,13,13,0.6846557260333876,1.320497928197488,1.2316740977748154e-05,-11.477715570078491,-11.477093521115089,7.410976298388922e-08,0.9996491895021793,4.3828823172980185
chebyshev_rankmatched_e12_hann,15,222,13,14,0.6846557260333876,1.422074691904987,1.1395610088076194e-05,-6.040822686181549,-6.041662250953647,8.098159998497497e-08,0.9656872040647166,4.39982645724571
chebyshev_rankmatched_e12_hann,16,237,14,13,0.7339517366237525,1.320497928197488,1.1619449564708409e-05,1.7861019783469827,1.787887067072252,8.961580158627762e-08,0.9993077495340643,4.726280170881721
chebyshev_rankmatched_e12_hann,17,238,14,14,0.7339517366237525,1.422074691904987,1.0648186844458207e-05,1.492174306928275,1.4917867858864386,9.198074553853301e-08,0.955967610414302,4.763925363283204
chebyshev_rankmatched_e12_hann,18,253,15,13,0.7832477472141173,1.320497928197488,1.0713822310583205e-05,0.6885534471856313,0.6873694090462172,1.261541934491539e-07,0.9988868546229605,4.884897263723256
chebyshev_rankmatched_e12_hann,19,254,15,14,0.7832477472141173,1.422074691904987,9.815683528360152e-06,-7.825959136749952,-7.826633340374213,1.17613920508968e-07,0.9514681857381858,4.99793994427926
