label,output_band_id,kperp_index,kpar_index,kperp_center_mpc_inv,kpar_mpc_inv,in_baseline_broad_support,added_vs_baseline_broad_support,target_windowed_power,bank_pure_signed_error_percent,bank_total_signed_error_percent,foreground_auto_over_target,heldout_phase_count,heldout_passing_20pct_phase_count,heldout_worst_total_error_percent,heldout_worst_foreground_effect_percent,geometric_window_response_fraction,relative_response,window_effective_width
dpss_narrow32_e12_hann,100,6,4,0.33851588165712254,0.4035657862062185,1,0,0.00014131841469877494,-1.149039996106316,-1.1908756972531507,0.0008979318288388724,16,16,10.252194803515556,0.5879655493858056,0.999891110743222,0.9591605599470575,6.886230512095953
dpss_narrow32_e12_hann,101,6,5,0.33851588165712254,0.5044572327577731,1,0,0.00012871219520762395,-3.093588811812593,-3.1201676492886876,0.0001830371858856143,16,16,13.086888405282432,0.23527631128708593,0.9999450988971939,0.9649009251625547,6.107306460342864
dpss_narrow32_e12_hann,102,6,6,0.33851588165712254,0.6053486793093278,1,0,8.903113479033349e-05,-4.306188134149475,-4.298703951116589,1.0204769299818353e-05,16,16,6.092673223612389,0.05570856951618065,0.9999966291281872,0.9699982484334205,6.2874489305395205
dpss_narrow32_e12_hann,103,6,7,0.33851588165712254,0.7062401258608824,1,0,6.238963656871258e-05,1.943113025320673,1.9480127300726977,2.5877015243944783e-06,16,16,10.628404598522597,0.011582096690810256,0.9999998179094495,0.9593105515356867,6.436441467041458
dpss_narrow32_e12_hann,104,6,8,0.33851588165712254,0.807131572412437,1,0,4.6016226753854166e-05,-2.542273823183479,-2.5399959346226337,4.133317633892901e-06,16,16,10.389598849060345,0.030042915010605263,0.9999999705192778,0.9606406668443926,6.385367616818774
dpss_narrow32_e12_hann,105,6,9,0.33851588165712254,0.9080230189639916,1,0,3.613658663783717e-05,-0.17521304868552487,-0.18201877884810388,4.372318662882316e-06,16,16,8.164790012542978,0.02249701829958236,0.9999999943571755,0.9729886217184094,6.257684000529895
dpss_narrow32_e12_hann,106,6,10,0.33851588165712254,1.0089144655155462,1,0,2.907560748442238e-05,-1.530597206213324,-1.5332773414103629,5.814302425906088e-06,16,16,7.9879592461792495,0.015550698495773318,0.9999999986887775,0.9679824474416172,6.381279315792798
dpss_narrow32_e12_hann,107,6,11,0.33851588165712254,1.109805912067101,1,0,2.4155691633303216e-05,-7.974628699925,-7.96397809840005,7.523583740181947e-06,16,16,7.839732556317173,0.026624163993567124,0.9999999996059922,0.9673342526663274,6.395836076290435
dpss_narrow32_e12_hann,108,6,12,0.33851588165712254,1.2106973586186556,1,0,2.0693087869213357e-05,-2.275697692989761,-2.2854275752734496,7.453547418696416e-06,16,16,7.406447892274741,0.020792060841954244,0.9999999998409805,0.9619248191850105,6.32549173018284
dpss_narrow32_e12_hann,109,6,13,0.33851588165712254,1.31158880517021,1,0,1.7909419802874572e-05,-4.087650157271916,-4.104559336818148,7.992244360096482e-06,16,16,11.164032654103911,0.0203701729114055,0.9999999999228354,0.9572802284136857,6.338593038171477
dpss_narrow32_e12_hann,110,6,14,0.33851588165712254,1.4124802517217647,1,0,1.61699770469278e-05,-9.942161561453334,-9.948480667528987,8.339980009717435e-06,16,16,15.657921679230103,0.025009548291219926,0.9999999999608915,0.9729139046496391,6.323004214448713
dpss_narrow32_e12_hann,111,6,15,0.33851588165712254,1.5133716982733196,1,0,1.522137833334622e-05,-11.050299488997126,-11.05027893331103,8.261246796634642e-06,16,16,9.835315874738654,0.03635466814883816,0.9999999999786713,0.9805697118478488,5.959978322188255
dpss_narrow32_e12_hann,116,7,4,0.387656888280284,0.4035657862062185,1,0,9.931397581432969e-05,-1.3063067226976761,-1.3196349382759334,1.0181981745014188e-05,16,16,9.061172596732504,0.03966779792977819,0.9999406239846478,0.9649227848109115,8.517256724706304
dpss_narrow32_e12_hann,117,7,5,0.387656888280284,0.5044572327577731,1,0,9.899700804578642e-05,3.3510826668660028,3.335091061038241,4.167050829028466e-06,16,16,12.870554632071832,0.019305369035274522,0.9999614708969021,0.9628553232013274,6.65033409532247
dpss_narrow32_e12_hann,118,7,6,0.387656888280284,0.6053486793093278,1,0,7.786314907905879e-05,4.494782201149131,4.490638697139823,4.395248564244057e-07,16,16,12.077429167703574,0.008245896848170437,0.9999941637051628,0.971813484878754,6.953258926926649
dpss_narrow32_e12_hann,119,7,7,0.387656888280284,0.7062401258608824,1,0,5.6749726361192766e-05,-6.554139601464612,-6.550469615538225,4.411539518081174e-07,16,16,10.490053064381774,0.006509366180252524,0.9999998551631699,0.9785862653054547,6.75161521565724
dpss_narrow32_e12_hann,120,7,8,0.387656888280284,0.807131572412437,1,0,4.254073043315852e-05,-2.1974802551704777,-2.1949701461466087,5.302891789293499e-07,16,16,7.728783006203413,0.00818160690441361,0.9999999873675364,0.9721205181813449,6.746547598430642
dpss_narrow32_e12_hann,121,7,9,0.387656888280284,0.9080230189639916,1,0,3.2904676142453586e-05,5.504358263939546,5.508112768197447,9.5887709493152e-07,16,16,6.896372242745009,0.012735719822800367,0.9999999964613204,0.9575945365427495,6.872017529271054
dpss_narrow32_e12_hann,122,7,10,0.387656888280284,1.0089144655155462,1,0,2.620342328479368e-05,-2.812683531507179,-2.8160944361308093,1.573439244413655e-06,16,16,12.37058862487939,0.012724502781774904,0.9999999982336951,0.9633352623534837,6.803571644878324
dpss_narrow32_e12_hann,123,7,11,0.387656888280284,1.109805912067101,1,0,2.1925311556089593e-05,-8.628594747733661,-8.62229168093116,2.8431055457578895e-06,16,16,7.0419989353921935,0.011832265675328796,0.9999999991163123,0.9679108374214487,6.843383076808244
dpss_narrow32_e12_hann,124,7,12,0.387656888280284,1.2106973586186556,1,0,1.909957914697666e-05,-7.397533209248954,-7.382242011126437,2.5289972037695557e-06,16,16,7.836596374482603,0.013623722109771814,0.9999999995925377,0.9846069603308644,6.689043707263885
dpss_narrow32_e12_hann,125,7,13,0.387656888280284,1.31158880517021,1,0,1.6929356952645183e-05,-2.19799369625132,-2.185589665777887,1.7986125970256656e-06,16,16,7.734150684146049,0.01784631079957695,0.9999999998236292,0.9889060017826834,6.774006937361093
dpss_narrow32_e12_hann,126,7,14,0.387656888280284,1.4124802517217647,1,0,1.5185865677091647e-05,-0.09228922985448205,-0.08697954569294868,1.595326234727963e-06,16,16,8.269945066401357,0.010784096325857693,0.9999999999310888,0.9800014455617726,6.672464605457917
dpss_narrow32_e12_hann,127,7,15,0.387656888280284,1.5133716982733196,1,0,1.414930216569036e-05,-8.571126663090325,-8.570889987310592,2.5680894500875367e-06,16,16,11.71638237911009,0.018841777849005058,0.9999999999783713,0.9889982753899823,6.1947733567603525
dpss_narrow32_e12_hann,133,8,5,0.43679789490344545,0.5044572327577731,1,0,8.710048172692037e-05,4.78779439135347,4.816431620517262,3.1374441705864527e-05,16,16,14.73442971732912,0.11689229072701125,0.9999540662075044,0.9592676390849524,6.695838205760296
dpss_narrow32_e12_hann,134,8,6,0.43679789490344545,0.6053486793093278,1,0,6.969171722664112e-05,2.6494447741481215,2.652185411154439,8.269196258967834e-07,16,16,10.76487009927637,0.011611510145417014,0.999992206394844,0.9555993225981186,6.9359659122213735
dpss_narrow32_e12_hann,135,8,7,0.43679789490344545,0.7062401258608824,1,0,5.1024085177749346e-05,-1.617302323442722,-1.611273345250198,1.5879818056850502e-06,16,16,10.21147640550494,0.025052461915589068,0.9999998440320189,0.9651560515365131,6.746525295932972
dpss_narrow32_e12_hann,136,8,8,0.43679789490344545,0.807131572412437,1,0,3.9060979032953255e-05,0.4040284680737296,0.4058683977013308,1.233401521814718e-06,16,16,9.534468745474989,0.020363667295614056,0.9999999858580134,0.9755172907306029,6.542286420829675
dpss_narrow32_e12_hann,137,8,9,0.43679789490344545,0.9080230189639916,1,0,3.068952763425262e-05,4.906789521100211,4.911006123765763,1.603168898271595e-06,16,16,7.765303257457011,0.011420029593313735,0.9999999957190159,0.9596220421269938,6.725552997460175
dpss_narrow32_e12_hann,138,8,10,0.43679789490344545,1.0089144655155462,1,0,2.4706091399576577e-05,8.036374605238187,8.029874457202116,1.3540551018819571e-06,16,16,8.48838489747979,0.011161189607016455,0.9999999979028066,0.9572415372005546,6.689573814176763
dpss_narrow32_e12_hann,139,8,11,0.43679789490344545,1.109805912067101,1,0,2.0829228297331015e-05,5.70214142473532,5.695484481372203,1.699606767320418e-06,16,16,11.245901869126396,0.014486127922737894,0.9999999989950484,0.9697067425791333,6.668860193910889
dpss_narrow32_e12_hann,140,8,12,0.43679789490344545,1.2106973586186556,1,0,1.7982942175599608e-05,-6.656782823020701,-6.6553459561326695,1.917460672062924e-06,16,16,13.961102550806295,0.013556990350058017,0.9999999995492551,0.9875925957402605,6.671112185593591
dpss_narrow32_e12_hann,141,8,13,0.43679789490344545,1.31158880517021,1,0,1.568417821805351e-05,0.4870201422998666,0.48988544857066624,1.8472945523780912e-06,16,16,9.946412060966994,0.012459674977459463,0.999999999809058,0.9922559509076712,6.581230798208812
dpss_narrow32_e12_hann,142,8,14,0.43679789490344545,1.4124802517217647,1,0,1.4285624928922114e-05,2.765925303181904,2.757634970088382,2.6864844027568273e-06,16,16,13.01197266107981,0.016849830540355624,0.9999999999268989,0.9809127816667604,6.8016481668260225
dpss_narrow32_e12_hann,143,8,15,0.43679789490344545,1.5133716982733196,1,0,1.356510253146899e-05,5.2351623573382495,5.224138700474845,2.5047106212667766e-06,16,16,12.212847529942435,0.0146944786041145,0.9999999999779488,0.9838315500760476,6.191132636081079
dpss_narrow32_e12_hann,149,9,5,0.48593890152660696,0.5044572327577731,1,0,7.44243840245004e-05,1.1565785943212838,1.1672412785132724,9.210706197375049e-05,16,16,11.821304552550526,0.10159688288315634,0.9999430468804893,0.979941342771367,7.39547583407968
dpss_narrow32_e12_hann,150,9,6,0.48593890152660696,0.6053486793093278,1,0,6.183530365853679e-05,2.395525449388076,2.3996084619346236,1.9039467955255061e-06,16,16,7.782357432522947,0.014236096465481362,0.9999895165814477,0.9830263255905928,7.516909440719998
dpss_narrow32_e12_hann,151,9,7,0.48593890152660696,0.7062401258608824,1,0,4.676838522235789e-05,10.72813580460492,10.715742838718342,1.47434211381108e-06,16,16,8.261173963463381,0.015374167164422305,0.9999998141179076,0.9611748325595595,7.4362544765732785
dpss_narrow32_e12_hann,152,9,8,0.48593890152660696,0.807131572412437,1,0,3.617839253499533e-05,3.9834599826340362,3.986885035884498,1.2177341564394475e-06,16,16,12.310831112003019,0.009267161523371842,0.9999999821976809,0.9864841806617605,7.265923625146718
dpss_narrow32_e12_hann,153,9,9,0.48593890152660696,0.9080230189639916,1,0,2.8915431239517383e-05,-3.882876587042499,-3.88126144002187,4.0856282941056687e-07,16,16,10.196085008703148,0.007981640517926368,0.9999999946290399,1.0,7.212295768473662
dpss_narrow32_e12_hann,154,9,10,0.48593890152660696,1.0089144655155462,1,0,2.3250488421266555e-05,-0.5089031289024928,-0.502509824278103,5.397504124134584e-07,16,16,13.052612046634138,0.006933392311137198,0.999999997408584,0.9697674736632063,7.4288834154744
dpss_narrow32_e12_hann,155,9,11,0.48593890152660696,1.109805912067101,1,0,1.938295671719299e-05,0.9834190906984805,0.9851764828420045,4.915144836920387e-07,16,16,9.263673856833288,0.009485242475162588,0.9999999987857618,0.9717682786824101,7.294916641608806
dpss_narrow32_e12_hann,156,9,12,0.48593890152660696,1.2106973586186556,1,0,1.6858443312883385e-05,3.704543223280872,3.7035392791486865,5.463050288260986e-07,16,16,5.784762470545163,0.011985128565535772,0.9999999994628129,0.9823828634621592,7.331619523949974
dpss_narrow32_e12_hann,157,9,13,0.48593890152660696,1.31158880517021,1,0,1.4863212096827677e-05,8.2382415575831,8.23256627413926,6.673127092862318e-07,16,16,10.861515188470596,0.0092257928347367,0.9999999997758849,0.9867581554244308,7.4081067880588245
dpss_narrow32_e12_hann,158,9,14,0.48593890152660696,1.4124802517217647,1,0,1.3574613766828738e-05,-4.291390090123607,-4.296218763643398,8.935608087887064e-07,16,16,8.215388019809119,0.011362448645802901,0.9999999999163406,0.9833480903081746,7.360683487258649
dpss_narrow32_e12_hann,159,9,15,0.48593890152660696,1.5133716982733196,1,0,1.2689980974936546e-05,2.7776401136324194,2.7771795785277704,9.062512987775175e-07,16,16,11.188013437440091,0.009159002063477695,0.9999999999750876,0.9557276996419873,6.7552802296604675
dpss_narrow32_e12_hann,165,10,5,0.5350799081497685,0.5044572327577731,1,0,5.922087544213753e-05,-0.6251161199058674,-0.6183687748540976,6.691862819234862e-06,16,16,10.770652543218267,0.02632015614981034,0.9999634813345303,0.9519505828598097,8.223607545540311
dpss_narrow32_e12_hann,166,10,6,0.5350799081497685,0.6053486793093278,1,0,5.406428793278823e-05,1.9107707102657907,1.9130279294525256,1.4435697482020525e-06,16,16,11.814790527979833,0.009919982702703707,0.9999878481563605,0.9598099925772702,7.652796864066589
dpss_narrow32_e12_hann,167,10,7,0.5350799081497685,0.7062401258608824,1,0,4.179459408082326e-05,4.460710003980416,4.4588573504750455,1.551514093378242e-06,16,16,10.982351878482053,0.01512829201800993,0.9999998508298986,0.9756016358089156,7.495943607148124
dpss_narrow32_e12_hann,168,10,8,0.5350799081497685,0.807131572412437,1,0,3.314950995164412e-05,7.33798803922614,7.332061140498583,1.8001212120514697e-06,16,16,9.9903714752464,0.014750753809933804,0.9999999533339334,0.9610943891914945,7.745618673893822
dpss_narrow32_e12_hann,169,10,9,0.5350799081497685,0.9080230189639916,1,0,2.649998267118038e-05,3.372340028429029,3.361035158956014,2.0539164839078822e-06,16,16,10.437963574208501,0.021089640438268994,0.9999999843743523,0.9709796983920734,7.5835318834598295
dpss_narrow32_e12_hann,170,10,10,0.5350799081497685,1.0089144655155462,1,0,2.1557854670591512e-05,0.09024655879700477,0.08587093594606461,2.170472743930089e-06,16,16,12.741353173420148,0.01566075234297736,0.9999999952793384,0.9865584722707113,7.442042552554344
dpss_narrow32_e12_hann,171,10,11,0.5350799081497685,1.109805912067101,1,0,1.8141751619978572e-05,3.1219381784677815,3.1223708840369397,2.54883149106754e-06,16,16,10.106439884506132,0.01163780785464808,0.9999999985832932,0.983872639758052,7.493102269331116
dpss_narrow32_e12_hann,172,10,12,0.5350799081497685,1.2106973586186556,1,0,1.5675834743830368e-05,1.631122178822791,1.6257207547920312,2.493212609514156e-06,16,16,6.5424896988316394,0.01077640397301488,0.9999999995641307,0.9677706514770494,7.416969142522546
dpss_narrow32_e12_hann,173,10,13,0.5350799081497685,1.31158880517021,1,0,1.3848514025171078e-05,2.0568673995483806,2.06243318770091,3.0780861668239392e-06,16,16,8.966878182692687,0.013857717441399475,0.9999999998651679,0.9755628106459676,7.465696810346685
dpss_narrow32_e12_hann,174,10,14,0.5350799081497685,1.4124802517217647,1,0,1.2654291402432648e-05,5.768564957744402,5.770392369024624,3.52681454203673e-06,16,16,8.953789284851327,0.013599770848882661,0.9999999999567588,0.9802332283938201,7.577023917028832
dpss_narrow32_e12_hann,175,10,15,0.5350799081497685,1.5133716982733196,1,0,1.1869404152563781e-05,18.33865082233796,18.324435992421733,3.845204090223084e-06,16,16,5.782929691752747,0.014714345536588302,0.9999999999850868,0.9711002311160267,6.640080666278496
dpss_narrow32_e12_hann,181,11,5,0.5842209147729299,0.5044572327577731,1,0,5.202644835618759e-05,10.325746976218934,10.353456678519347,3.795285618721733e-05,16,16,11.642747787195761,0.11267924900003384,0.9999550716079837,0.9689248038200601,8.874516615781214
dpss_narrow32_e12_hann,182,11,6,0.5842209147729299,0.6053486793093278,1,0,4.832787319498952e-05,9.758726704611687,9.754158807632262,5.301226124863146e-06,16,16,10.704986314531247,0.03128030788556311,0.9999841695135905,0.973276801883942,8.047096931477142
dpss_narrow32_e12_hann,183,11,7,0.5842209147729299,0.7062401258608824,1,0,3.777373209168474e-05,2.447348837359134,2.4586791305488154,1.6523458927187232e-06,16,16,10.855221642775497,0.010970652967068097,0.9999997532158653,0.9688787412368416,8.07398924563558
dpss_narrow32_e12_hann,184,11,8,0.5842209147729299,0.807131572412437,1,0,3.0178146504504222e-05,-1.9147220360955914,-1.9072219421402834,1.1446431837168197e-06,16,16,8.374699500072337,0.007803338201321997,0.9999999390781549,0.9763918706944424,7.838853924332026
dpss_narrow32_e12_hann,185,11,9,0.5842209147729299,0.9080230189639916,1,0,2.4500615689382103e-05,-0.7343916662451861,-0.7270312435350562,1.0506516478908404e-06,16,16,7.78433982937448,0.01148909715475667,0.9999999811595339,0.9800264043302939,7.867892843416987
dpss_narrow32_e12_hann,186,11,10,0.5842209147729299,1.0089144655155462,1,0,2.0018307666416416e-05,4.9114405852815235,4.9123118051989945,1.1865114108117204e-06,16,16,15.162907225396467,0.010045921729122846,0.9999999943593229,0.9604891384909773,8.014505330743333
dpss_narrow32_e12_hann,187,11,11,0.5842209147729299,1.109805912067101,1,0,1.680243117151135e-05,7.124939464939018,7.117723413452871,1.8762199266605949e-06,16,16,16.00114636298478,0.01606515429815771,0.9999999983424269,0.9508741726745025,7.9873945746113915
dpss_narrow32_e12_hann,188,11,12,0.5842209147729299,1.2106973586186556,1,0,1.468616528675573e-05,10.169978930199768,10.15613750954966,2.2344478305772506e-06,16,16,13.502262218582533,0.020498564862765363,0.9999999995136485,0.9633331446404754,7.862435794784213
dpss_narrow32_e12_hann,189,11,13,0.5842209147729299,1.31158880517021,1,0,1.3121593247264614e-05,9.283401224476616,9.270868952146857,2.1919195471997244e-06,16,16,8.58281091132937,0.02043366786192599,0.9999999998498014,0.9627119485868945,8.00704645826376
dpss_narrow32_e12_hann,190,11,14,0.5842209147729299,1.4124802517217647,1,0,1.2095406427574476e-05,5.415508336815973,5.415984369521473,2.359831270219373e-06,16,16,9.122714023578075,0.009500742593596373,0.999999999952473,0.9684329668390027,8.12040419173841
dpss_narrow32_e12_hann,191,11,15,0.5842209147729299,1.5133716982733196,1,0,1.1512053000248209e-05,10.174594464173495,10.182501082578359,3.2807902361052423e-06,16,16,11.115848936968641,0.018597726529472395,0.9999999999845224,0.9714550282949502,6.955928924291583
dpss_narrow32_e12_hann,197,12,5,0.6333619213960914,0.5044572327577731,1,0,4.575947145508406e-05,6.06305785564331,6.068509393364214,5.0605559865669356e-05,16,16,10.249261678329919,0.10871157052659948,0.999939773040668,0.9559729062209931,9.13046367072667
dpss_narrow32_e12_hann,198,12,6,0.6333619213960914,0.6053486793093278,1,0,4.2834763850609206e-05,-0.28477884233431033,-0.3046383098288312,6.197723194953898e-06,16,16,10.515706466539926,0.02782876777902571,0.9999777628532119,0.9688333948431702,8.168048032963506
dpss_narrow32_e12_hann,199,12,7,0.6333619213960914,0.7062401258608824,1,0,3.4169963673501895e-05,5.407493514830278,5.418935406283659,1.4658582120818158e-06,16,16,7.137694371291188,0.01191506123246014,0.9999995345891463,0.969616996779529,8.032502922101937
dpss_narrow32_e12_hann,200,12,8,0.6333619213960914,0.807131572412437,1,0,2.7414553731280133e-05,12.268883232070227,12.270292919448806,2.716618914853806e-07,16,16,10.477053948593072,0.006225401119677433,0.9999999166560865,0.970814850456225,8.077155156068239
dpss_narrow32_e12_hann,201,12,9,0.6333619213960914,0.9080230189639916,1,0,2.2430606303803218e-05,7.041790966324324,7.043168057448223,3.3150061463316044e-07,16,16,14.901730852568667,0.00496029717227919,0.9999999760350777,0.965998567194695,8.018036866427899
dpss_narrow32_e12_hann,202,12,10,0.6333619213960914,1.0089144655155462,1,0,1.8725209708458072e-05,8.572143628251004,8.57132603769706,2.8142158826629025e-07,16,16,7.795567029095951,0.006621747139165174,0.9999999931820535,0.9652643030677519,8.071908154581429
dpss_narrow32_e12_hann,203,12,11,0.6333619213960914,1.109805912067101,1,0,1.599377224131e-05,14.422183779056132,14.4193822229737,3.309570182824067e-07,16,16,5.11743692699241,0.006776354089571723,0.999999998039905,0.9641402681986683,8.016425639438118
dpss_narrow32_e12_hann,204,12,12,0.6333619213960914,1.2106973586186556,1,0,1.3826139325856e-05,9.682436201174738,9.681906364065163,3.30453351572661e-07,16,16,6.955949314813689,0.0065659585195580366,0.9999999994102753,0.9502839159210638,8.144132621182928
dpss_narrow32_e12_hann,205,12,13,0.6333619213960914,1.31158880517021,1,0,1.2180954074750342e-05,7.529958444213592,7.533544195744619,6.013513437799366e-07,16,16,10.308622826579587,0.009128853104662892,0.9999999998218532,0.9726750552942712,8.046228646086004
dpss_narrow32_e12_hann,206,12,14,0.6333619213960914,1.4124802517217647,1,0,1.1123755038471397e-05,-0.14822949743830477,-0.14616932939600086,8.259926782597236e-07,16,16,14.596124259476515,0.014059710145413809,0.9999999999437955,0.9795072034618576,7.948445035371157
dpss_narrow32_e12_hann,207,12,15,0.6333619213960914,1.5133716982733196,1,0,1.0547294587831113e-05,3.456123591923986,3.45555537706016,1.2179648012738827e-06,16,16,11.661071179659729,0.013072909550244753,0.9999999999823197,0.9905733647368513,6.876546545403314
dpss_narrow32_e12_hann,213,13,5,0.6825029280192529,0.5044572327577731,1,0,3.7251237816343413e-05,4.810326176688335,4.7973636371706565,8.344113161303329e-07,16,16,12.03391680060232,0.015176905292003847,0.9999651292914427,0.9780096244901956,11.168637559149749
dpss_narrow32_e12_hann,214,13,6,0.6825029280192529,0.6053486793093278,1,0,3.731214675113648e-05,9.015872203969884,9.0095953293151,2.632943893440152e-07,16,16,9.234528550377668,0.0049012924319688025,0.999980822304202,0.9719568964019926,9.038389994614556
dpss_narrow32_e12_hann,215,13,7,0.6825029280192529,0.7062401258608824,1,0,3.1283179346340505e-05,3.244168122616733,3.245310905153944,3.7806696303177455e-08,16,16,9.251488927938595,0.001976549254201669,0.9999984858823221,0.9717263846937966,8.947520147339343
dpss_narrow32_e12_hann,216,13,8,0.6825029280192529,0.807131572412437,1,0,2.5277210174693833e-05,2.253100297962127,2.2535259463087702,5.3780603518701734e-08,16,16,11.451034222814263,0.004012101325900085,0.999999859565996,0.9803891309925575,8.71542056119325
dpss_narrow32_e12_hann,217,13,9,0.6825029280192529,0.9080230189639916,1,0,2.0676238096885303e-05,14.929380811311404,14.930342192098474,6.125567676823734e-08,16,16,11.047435079491423,0.004941952678642676,0.9999999811816231,0.9798806997693978,8.634154836476032
dpss_narrow32_e12_hann,218,13,10,0.6825029280192529,1.0089144655155462,1,0,1.720166198404689e-05,11.716520441686008,11.71627337283366,6.535641444969381e-08,16,16,6.881027579246177,0.0022178606828194827,0.9999999967127726,0.9728201920043819,8.561454160346516
dpss_narrow32_e12_hann,219,13,11,0.6825029280192529,1.109805912067101,1,0,1.4610221456605692e-05,6.291905581350383,6.2932042922081655,7.677963274800044e-08,16,16,11.514982928005118,0.002694526502715482,0.9999999988709799,0.9657859307261332,8.689973823074151
dpss_narrow32_e12_hann,220,13,12,0.6825029280192529,1.2106973586186556,1,0,1.2749179538747684e-05,-0.26191939275282616,-0.2602490685836153,9.687159413936404e-08,16,16,9.735767140254248,0.0031156236481580443,0.9999999993886906,0.9701831488032044,8.760747098852045
dpss_narrow32_e12_hann,221,13,13,0.6825029280192529,1.31158880517021,1,0,1.139254161245753e-05,3.064356973036784,3.0624131514406963,1.0484364924402463e-07,16,16,7.559587066471066,0.0044393680702899535,0.999999999643675,0.968424626610833,8.734226022042442
dpss_narrow32_e12_hann,222,13,14,0.6825029280192529,1.4124802517217647,1,0,1.0484733374417282e-05,4.919674033663718,4.917481352005268,1.0477714260046326e-07,16,16,7.7184763187001915,0.004490731114358972,0.9999999997984795,0.9773692157916016,8.703666219163454
dpss_narrow32_e12_hann,223,13,15,0.6825029280192529,1.5133716982733196,1,0,9.963627948460018e-06,-0.5528472063799352,-0.5545384762951059,1.0986702108560763e-07,16,16,8.459451882727905,0.0024436231398017685,0.9999999998773099,0.9698143620294608,7.507104432057158
dpss_narrow32_e12_hann,229,14,5,0.7316439346424144,0.5044572327577731,1,0,3.2631048051851255e-05,1.9453539962914361,1.953162237659588,3.3145793887091997e-06,16,16,9.780523356526084,0.028975267640856044,0.9999429748828572,0.9744886826406807,11.827873932839003
dpss_narrow32_e12_hann,230,14,6,0.7316439346424144,0.6053486793093278,1,0,3.274054073591773e-05,2.983034862908308,2.987043373553687,9.86819720791095e-07,16,16,10.970032158412996,0.013805552554729584,0.999969542035599,0.9753400865943469,9.451174819370227
dpss_narrow32_e12_hann,231,14,7,0.7316439346424144,0.7062401258608824,1,0,2.7938951732900432e-05,-0.08664580470857768,-0.08816182350539403,4.179121187876815e-08,16,16,8.673181315382804,0.002255982856292188,0.99999752540669,0.9650487927899283,9.604712526428157
dpss_narrow32_e12_hann,232,14,8,0.7316439346424144,0.807131572412437,1,0,2.2935253360939877e-05,0.9391183068887314,0.9373198514664,6.741254077086971e-08,16,16,12.766859597976552,0.003292037230804258,0.9999997702511239,0.9667344321929059,9.360878280855275
dpss_narrow32_e12_hann,233,14,9,0.7316439346424144,0.9080230189639916,1,0,1.8998429332712235e-05,1.395688351170518,1.3963016017491243,6.660746151413545e-08,16,16,6.707197634021742,0.0022511223478802666,0.9999999654162597,0.9807766939939544,9.3341409689139
dpss_narrow32_e12_hann,234,14,10,0.7316439346424144,1.0089144655155462,1,0,1.597776668000708e-05,8.661191336723354,8.664253997817342,7.076753731624056e-08,16,16,10.388197210611391,0.0044097799577370485,0.9999999936538386,0.9763465015217659,9.18878379707192
dpss_narrow32_e12_hann,235,14,11,0.7316439346424144,1.109805912067101,1,0,1.3668805377455173e-05,9.402080854121648,9.404873957934187,7.11465805045369e-08,16,16,6.285321198597487,0.0024489003894643158,0.9999999980928684,0.9742462040728362,9.142511928049595
dpss_narrow32_e12_hann,236,14,12,0.7316439346424144,1.2106973586186556,1,0,1.2007377254083821e-05,10.44889134776985,10.448704418513758,8.061408953481193e-08,16,16,11.607554791475813,0.001720573074814783,0.9999999990590689,0.9649167764808918,9.366106614494209
dpss_narrow32_e12_hann,237,14,13,0.7316439346424144,1.31158880517021,1,0,1.073794573699189e-05,9.661659258329962,9.662320501494353,9.179776877254126e-08,16,16,14.01618521508505,0.00326867881953654,0.9999999994630563,0.9609040136098377,9.468095158448772
dpss_narrow32_e12_hann,238,14,14,0.7316439346424144,1.4124802517217647,1,0,9.778771518030073e-06,6.754791652407553,6.754093795827392,9.837240256522014e-08,16,16,13.62761875777179,0.0034578161299785738,0.999999999694708,0.9645199985104705,9.378494617359037
dpss_narrow32_e12_hann,239,14,15,0.7316439346424144,1.5133716982733196,1,0,9.240701360688781e-06,10.826709661495599,10.827601680067657,1.0524134868994678e-07,16,16,13.596320820489712,0.003959657680449583,0.9999999998181437,0.9722746133040352,7.848437178144346
dpss_narrow32_e12_hann,245,15,5,0.7807849412655758,0.5044572327577731,1,0,2.9255275748323084e-05,-0.6205601936880039,-0.6642538196074602,4.5283321470106353e-05,16,16,7.999959750941718,0.10348763647726593,0.9999001911567529,0.961224710599678,13.082216233734714
dpss_narrow32_e12_hann,246,15,6,0.7807849412655758,0.6053486793093278,1,0,2.9478254107341205e-05,0.6739808308077926,0.6641756005012701,1.3122028838018949e-05,16,16,8.478284200238614,0.052951886596214845,0.9999479146229541,0.9579880703569541,10.502774351156074
dpss_narrow32_e12_hann,247,15,7,0.7807849412655758,0.7062401258608824,1,0,2.5319778682602996e-05,1.5570339561342388,1.554319255697962,1.934055430862058e-07,16,16,11.11056824764647,0.005192960090139462,0.9999959040009988,0.9715410947290496,10.318989947247308
dpss_narrow32_e12_hann,248,15,8,0.7807849412655758,0.807131572412437,1,0,2.0947861411893694e-05,5.937364088378057,5.9364782319363165,3.369267886840914e-07,16,16,9.082674179124165,0.006507260941976681,0.9999995907365716,0.9685146732618034,10.230005161413018
dpss_narrow32_e12_hann,249,15,9,0.7807849412655758,0.9080230189639916,1,0,1.7328936144208126e-05,6.6529315059214245,6.65162410779407,3.773703486657891e-07,16,16,11.43618637220706,0.00847123520407675,0.9999999307997495,0.9692649035339476,10.131069657650524
dpss_narrow32_e12_hann,250,15,10,0.7807849412655758,1.0089144655155462,1,0,1.4565923766453929e-05,6.48729962150026,6.485692985340202,2.1232331750805843e-07,16,16,10.994048176729523,0.0032608543539207205,0.9999999873787546,0.9875143434387005,9.957182908878504
dpss_narrow32_e12_hann,251,15,11,0.7807849412655758,1.109805912067101,1,0,1.253985668114089e-05,5.147658874264224,5.143374108934736,2.405482059522902e-07,16,16,11.83198933680445,0.005149095146619793,0.9999999965998481,0.9921715236530624,9.981527511320646
dpss_narrow32_e12_hann,252,15,12,0.7807849412655758,1.2106973586186556,1,0,1.1065717825980328e-05,-2.519225117774769,-2.5198898035170108,3.5288081657271404e-07,16,16,10.659336575779342,0.0050021661789848805,0.9999999984703773,0.9881158476519721,9.80358886630282
dpss_narrow32_e12_hann,253,15,13,0.7807849412655758,1.31158880517021,1,0,9.917995108419862e-06,-0.5943567385505418,-0.5875616798832719,7.613515806460712e-07,16,16,12.329483463621331,0.006098139746243364,0.9999999991358891,0.9801820436257893,10.085515336500475
dpss_narrow32_e12_hann,254,15,14,0.7807849412655758,1.4124802517217647,1,0,9.086202791587753e-06,5.676435337708763,5.682769267451324,4.800660407253314e-07,16,16,9.181651587242765,0.005540312290760911,0.9999999995078491,0.9865156453080317,10.11172381046002
dpss_narrow32_e12_hann,255,15,15,0.7807849412655758,1.5133716982733196,1,0,8.615938726978042e-06,6.404160046295761,6.402704609423986,3.1858844769874583e-07,16,16,10.873890963810828,0.006071656942213255,0.9999999997032261,0.9774754648433118,8.51818393935594
dpss_wide64_to32_e12_hann,99,6,3,0.33851588165712254,0.3026743396546639,0,1,0.00026333063960104226,-4.486220018106763,-4.493642968471365,3.454916399948059e-05,16,16,7.495699856690308,0.11294553100949435,0.9992445828281564,0.9661097890861626,4.757151023450991
dpss_wide64_to32_e12_hann,100,6,4,0.33851588165712254,0.4035657862062185,1,0,0.00020796317015330288,-2.7609428264454183,-2.77306112041805,5.505381894466708e-06,16,16,9.152292648268915,0.03831876617031285,0.9996018431457789,0.969337936710382,6.027542872707825
dpss_wide64_to32_e12_hann,101,6,5,0.33851588165712254,0.5044572327577731,1,0,0.00013477362035186217,-4.31504037241679,-4.306979090207469,9.80011411072123e-07,16,16,12.12283191684762,0.010699361234255517,0.9999286056935922,0.9669251902221814,6.307928604239701
dpss_wide64_to32_e12_hann,102,6,6,0.33851588165712254,0.6053486793093278,1,0,8.928625830423821e-05,-3.8680299142880346,-3.866006101071026,1.8455429111974528e-06,16,16,5.958378143235754,0.016256849038343117,0.9999977214276249,0.9699141227106116,6.225426820699446
dpss_wide64_to32_e12_hann,103,6,7,0.33851588165712254,0.7062401258608824,1,0,6.236838849852267e-05,1.6861109013029234,1.6902807214965767,2.3375500865657573e-06,16,16,10.594239372219395,0.011701580106218199,0.9999999522302903,0.9594023929595007,6.41229688683788
dpss_wide64_to32_e12_hann,104,6,8,0.33851588165712254,0.807131572412437,1,0,4.600798980031276e-05,-2.358936472633574,-2.358993410424209,2.9912533203381624e-06,16,16,10.574089572447907,0.01844436333947522,0.9999999929472676,0.9606842927941056,6.385715146185341
dpss_wide64_to32_e12_hann,105,6,9,0.33851588165712254,0.9080230189639916,1,0,3.613661318440657e-05,-0.2529652405512077,-0.25649693244474137,3.4820942046858297e-06,16,16,8.275714133073288,0.014930578553449763,0.9999999982193244,0.9729523754941719,6.263181638551485
dpss_wide64_to32_e12_hann,106,6,10,0.33851588165712254,1.0089144655155462,1,0,2.907694727122038e-05,-1.4405444674710952,-1.4436126328495826,5.333422531708793e-06,16,16,8.009545076491909,0.017693569529587658,0.9999999993967195,0.9680263916944852,6.386716781579944
dpss_wide64_to32_e12_hann,107,6,11,0.33851588165712254,1.109805912067101,1,0,2.415607764929875e-05,-8.084291751995607,-8.075301081511743,7.4964967132197826e-06,16,16,7.808434227464615,0.02532291211259452,0.999999999760393,0.967341060995382,6.40004568904372
dpss_wide64_to32_e12_hann,108,6,12,0.33851588165712254,1.2106973586186556,1,0,2.0693285114446504e-05,-2.1514992791194016,-2.161382008139444,7.393179380385368e-06,16,16,7.408285871612984,0.021439202053300962,0.9999999998943994,0.961963026828181,6.328403677531366
dpss_wide64_to32_e12_hann,109,6,13,0.33851588165712254,1.31158880517021,1,0,1.79095722827907e-05,-4.156135361530774,-4.1718859026940445,7.977218354567046e-06,16,16,11.125794078689472,0.0207313320700393,0.9999999999507936,0.9573031461920803,6.3409093248114194
dpss_wide64_to32_e12_hann,110,6,14,0.33851588165712254,1.4124802517217647,1,0,1.617001756262554e-05,-9.951018838506407,-9.957655902900084,8.335253905871218e-06,16,16,15.681232570971664,0.02537952589961519,0.9999999999766748,0.9729285826977029,6.324672534121506
dpss_wide64_to32_e12_hann,111,6,15,0.33851588165712254,1.5133716982733196,1,0,1.5221416694607475e-05,-11.032907734697078,-11.03289498046538,8.258106284634313e-06,16,16,9.823585637759486,0.03637538278144648,0.99999999998777,0.9805968806416042,5.96100161606845
dpss_wide64_to32_e12_hann,115,7,3,0.387656888280284,0.3026743396546639,0,1,0.00020028335210260732,2.8571892648428054,2.9454807139677435,8.251876628693138e-05,16,16,5.299464522841171,0.14781734320845824,0.9991924870081557,0.9688359434573405,5.125741229640417
dpss_wide64_to32_e12_hann,116,7,4,0.387656888280284,0.4035657862062185,1,0,0.00016486978036343302,1.1058486635195433,1.1428585979607855,1.3773673253440538e-05,16,16,10.903552883100794,0.043959673405533944,0.999566601582057,0.9580939163811395,6.459185887549194
dpss_wide64_to32_e12_hann,117,7,5,0.387656888280284,0.5044572327577731,1,0,0.00011238909090745107,-0.4019003859440391,-0.4056319610353603,3.590012923367673e-07,16,16,10.715965047676258,0.006494366302582655,0.9999164948750338,0.9611619856547144,6.786802211785538
dpss_wide64_to32_e12_hann,118,7,6,0.387656888280284,0.6053486793093278,1,0,7.769004664197052e-05,5.440516893301492,5.438067964248984,3.674121693347578e-07,16,16,12.616646890029305,0.006409461229844244,0.9999964863737519,0.9717791639706963,6.734773160682389
dpss_wide64_to32_e12_hann,119,7,7,0.387656888280284,0.7062401258608824,1,0,5.67895168040367e-05,-6.551626709648222,-6.550157440177334,4.3210103906026965e-07,16,16,10.3793425605232,0.006782750241696131,0.999999947375804,0.9788073852344911,6.746782387877483
dpss_wide64_to32_e12_hann,120,7,8,0.387656888280284,0.807131572412437,1,0,4.256109671134233e-05,-2.3559027286076906,-2.3536120028091116,5.353981455754878e-07,16,16,7.654710389626953,0.008224086348160116,0.999999992230819,0.9720425374973347,6.756568096368243
dpss_wide64_to32_e12_hann,121,7,9,0.387656888280284,0.9080230189639916,1,0,3.2912026324560546e-05,5.531041537025989,5.535425241255212,9.421230703302704e-07,16,16,6.867461082035605,0.013081894530835516,0.9999999979888843,0.9575506166988154,6.878402938929319
dpss_wide64_to32_e12_hann,122,7,10,0.387656888280284,1.0089144655155462,1,0,2.6204300931019207e-05,-2.7514578683965714,-2.755233457245076,1.5663632513210017e-06,16,16,12.242664455814488,0.012393204412037022,0.9999999993277303,0.9633770540714192,6.805405971873391
dpss_wide64_to32_e12_hann,123,7,11,0.387656888280284,1.109805912067101,1,0,2.192480621465969e-05,-8.70325294593538,-8.696792652473944,2.844460022728186e-06,16,16,7.125862535167304,0.011779551855816212,0.9999999997351945,0.9679760711475753,6.8444175129448235
dpss_wide64_to32_e12_hann,124,7,12,0.387656888280284,1.2106973586186556,1,0,1.9099254327718944e-05,-7.31836235657236,-7.3030864635848936,2.536669521525806e-06,16,16,7.806668041922933,0.01359792787323179,0.999999999886293,0.984601083623128,6.690333375022253
dpss_wide64_to32_e12_hann,125,7,13,0.387656888280284,1.31158880517021,1,0,1.692935835480382e-05,-2.2316181842719907,-2.219188566974805,1.7904352729616025e-06,16,16,7.76490852180504,0.0178667701069105,0.9999999999477402,0.9889401410712338,6.775143992335869
dpss_wide64_to32_e12_hann,126,7,14,0.387656888280284,1.4124802517217647,1,0,1.5185904949551236e-05,-0.06113622744625302,-0.05584018844953158,1.5967697140915504e-06,16,16,8.276384871492937,0.010871385766030577,0.9999999999747683,0.9800163910326447,6.673778161966494
dpss_wide64_to32_e12_hann,127,7,15,0.387656888280284,1.5133716982733196,1,0,1.4149350721229729e-05,-8.602455638679068,-8.602208507147859,2.568960341530853e-06,16,16,11.6927543626624,0.018820243361935232,0.999999999986926,0.9890257818164752,6.195748370543115
dpss_wide64_to32_e12_hann,132,8,4,0.43679789490344545,0.4035657862062185,0,1,0.00013429514303248789,8.123410504392542,8.123134273022997,1.7162935036075418e-05,16,16,8.46857285575846,0.05604997508148318,0.9995592024971114,0.9711306464707902,6.123465048102763
dpss_wide64_to32_e12_hann,133,8,5,0.43679789490344545,0.5044572327577731,1,0,9.806200112105905e-05,4.990293499008274,4.993538733831669,3.8686574542139984e-07,16,16,16.971279683822136,0.008457762301079653,0.999901424398166,0.9649449104535676,6.6688448221923124
dpss_wide64_to32_e12_hann,134,8,6,0.43679789490344545,0.6053486793093278,1,0,6.960680242628405e-05,2.731384389395431,2.7348565157800024,5.414353532367654e-07,16,16,9.40564736767255,0.006825586030929699,0.9999948010825526,0.9543594493081172,6.744106404399805
dpss_wide64_to32_e12_hann,135,8,7,0.43679789490344545,0.7062401258608824,1,0,5.106430572460187e-05,-1.9911638772263967,-1.9907577503387948,6.912063096431285e-07,16,16,10.289353008071483,0.01350164976587247,0.999999940382651,0.9656736576634881,6.748107204026733
dpss_wide64_to32_e12_hann,136,8,8,0.43679789490344545,0.807131572412437,1,0,3.90774328620162e-05,0.3917142554885738,0.39487038829211657,1.263668803607235e-06,16,16,9.456914245394966,0.021118588192080862,0.9999999918832729,0.9753864832153157,6.55298834577012
dpss_wide64_to32_e12_hann,137,8,9,0.43679789490344545,0.9080230189639916,1,0,3.069587752507858e-05,4.870044881272268,4.874212592215245,1.5130586777521188e-06,16,16,8.012983474699311,0.010888745897280864,0.999999998049648,0.9595739685392545,6.730705554411088
dpss_wide64_to32_e12_hann,138,8,10,0.43679789490344545,1.0089144655155462,1,0,2.4706822157254274e-05,8.101582580200663,8.095033810610705,1.3293094448687522e-06,16,16,8.562436203136718,0.010260398883566797,0.9999999993904845,0.9572929838216823,6.691779717035562
dpss_wide64_to32_e12_hann,139,8,11,0.43679789490344545,1.109805912067101,1,0,2.082875515375709e-05,5.680385865815059,5.673683083904307,1.7082863019644154e-06,16,16,11.263782747229317,0.014446288505382918,0.9999999997771803,0.9697024860590291,6.670055880829883
dpss_wide64_to32_e12_hann,140,8,12,0.43679789490344545,1.2106973586186556,1,0,1.7982952212788658e-05,-6.617872908715218,-6.61657411943047,1.9219911482760087e-06,16,16,13.956007518796977,0.013589637278687172,0.9999999999085484,0.9876429980360837,6.671958840617686
dpss_wide64_to32_e12_hann,141,8,13,0.43679789490344545,1.31158880517021,1,0,1.5684192333928814e-05,0.47813639645362527,0.48139010884406647,1.830989850479051e-06,16,16,9.915511035609988,0.01238334095559545,0.9999999999580025,0.9922641218069448,6.582294525452998
dpss_wide64_to32_e12_hann,142,8,14,0.43679789490344545,1.4124802517217647,1,0,1.4285638416908066e-05,2.757887799965123,2.749316058274354,2.6934331530283436e-06,16,16,13.015877398041798,0.016727499889505483,0.9999999999781386,0.9809495175351474,6.802783849498576
dpss_wide64_to32_e12_hann,143,8,15,0.43679789490344545,1.5133716982733196,1,0,1.3565147948157826e-05,5.237761760360779,5.226789560072936,2.5083148286178243e-06,16,16,12.229556044941999,0.014630716093432087,0.9999999999866679,0.9838473322651066,6.192015882881583
dpss_wide64_to32_e12_hann,148,9,4,0.48593890152660696,0.4035657862062185,0,1,0.00010729456595884234,2.8463784146831057,2.8538445454147197,2.4632728616412797e-06,16,16,8.961459814518268,0.01711729472583189,0.9995092112512399,0.9798967051478656,6.484631501107845
dpss_wide64_to32_e12_hann,149,9,5,0.48593890152660696,0.5044572327577731,1,0,8.307962345939356e-05,3.5045747033022905,3.5089838230023154,3.673502607373829e-07,16,16,8.370407005107996,0.007619159591815891,0.9998772002439847,0.976469563094082,7.396934509403443
dpss_wide64_to32_e12_hann,150,9,6,0.48593890152660696,0.6053486793093278,1,0,6.178275270422137e-05,1.6015543877240812,1.60122062153981,3.8228663720664967e-07,16,16,8.37637166516874,0.006615548062161512,0.9999925654781039,0.9841105183161492,7.322346169226988
dpss_wide64_to32_e12_hann,151,9,7,0.48593890152660696,0.7062401258608824,1,0,4.6807015112196326e-05,10.753001791304225,10.751325622611388,3.754593421908534e-07,16,16,8.3451532345077,0.005737285066597336,0.9999999330941173,0.9614030066615399,7.442444430443864
dpss_wide64_to32_e12_hann,152,9,8,0.48593890152660696,0.807131572412437,1,0,3.619490911817932e-05,3.979362479827448,3.978836697440853,2.777552794030904e-07,16,16,12.435319395176544,0.005364747914560678,0.9999999920824584,0.9863189463835847,7.2772857634945565
dpss_wide64_to32_e12_hann,153,9,9,0.48593890152660696,0.9080230189639916,1,0,2.892085161298716e-05,-3.89691412262433,-3.895893784403088,3.9421506225623263e-07,16,16,10.234360099281027,0.008388975613236795,0.999999998299957,1.0,7.2166678763715995
dpss_wide64_to32_e12_hann,154,9,10,0.48593890152660696,1.0089144655155462,1,0,2.325168517211262e-05,-0.5192971686434411,-0.5123593290950453,4.989376005581368e-07,16,16,13.01924295496196,0.0073515948581069504,0.9999999994865486,0.9698266104359462,7.430051909890862
dpss_wide64_to32_e12_hann,155,9,11,0.48593890152660696,1.109805912067101,1,0,1.9382546735349815e-05,0.9706571879362554,0.9723385408996711,4.929052087865361e-07,16,16,9.246070382126213,0.009628150343670218,0.9999999998196474,0.9717721182782553,7.296266255811669
dpss_wide64_to32_e12_hann,156,9,12,0.48593890152660696,1.2106973586186556,1,0,1.685837958300892e-05,3.8110991259231284,3.8100914982513134,5.475188674945809e-07,16,16,5.786490219860311,0.012386111344748558,0.9999999999289836,0.9824134688511502,7.332496139737938
dpss_wide64_to32_e12_hann,157,9,13,0.48593890152660696,1.31158880517021,1,0,1.4863228867444266e-05,8.164792026053517,8.158950663849414,6.711258955060488e-07,16,16,10.836748562876371,0.00981294220159643,0.9999999999692718,0.9867813868509758,7.409268159959137
dpss_wide64_to32_e12_hann,158,9,14,0.48593890152660696,1.4124802517217647,1,0,1.3574600930361017e-05,-4.266611136779444,-4.271031836333134,8.841933927856509e-07,16,16,8.20186214398489,0.011156888875870914,0.9999999999854874,0.9833672810088618,7.361869262588137
dpss_wide64_to32_e12_hann,159,9,15,0.48593890152660696,1.5133716982733196,1,0,1.2690056647046973e-05,2.7523198653252514,2.751671127279802,9.059729349878406e-07,16,16,11.180523449377596,0.009172120642907938,0.9999999999918974,0.9557536344245022,6.75606985477682
dpss_wide64_to32_e12_hann,164,10,4,0.5350799081497685,0.4035657862062185,0,1,9.250996391871495e-05,4.089813312369528,4.093176792992349,7.131718391986783e-05,16,16,9.891994312576278,0.16203012290649663,0.9992822368195605,0.9444293742447015,6.966302850606246
dpss_wide64_to32_e12_hann,165,10,5,0.5350799081497685,0.5044572327577731,1,0,7.314248256283926e-05,4.426691163025994,4.428635833254555,1.9401511622772683e-06,16,16,11.56165918766281,0.020163788911837066,0.9998403085268208,0.9498155669413724,7.499091187418784
dpss_wide64_to32_e12_hann,166,10,6,0.5350799081497685,0.6053486793093278,1,0,5.4532684401296573e-05,1.7832878849462086,1.7825537544772605,9.411841337265924e-07,16,16,12.489955532183068,0.007911461667204106,0.999989093780643,0.9580391753185201,7.58319677076614
dpss_wide64_to32_e12_hann,167,10,7,0.5350799081497685,0.7062401258608824,1,0,4.194808588182444e-05,4.544165748248219,4.543977518419273,1.3817751788769089e-06,16,16,10.723575825475667,0.014288221499812664,0.9999998986767069,0.9762492223826802,7.462150704122496
dpss_wide64_to32_e12_hann,168,10,8,0.5350799081497685,0.807131572412437,1,0,3.316045518074699e-05,7.031423079482069,7.025467089779127,1.747676514665668e-06,16,16,9.399510705700107,0.014283590350716704,0.9999999874968913,0.9612079494488761,7.711504781725539
dpss_wide64_to32_e12_hann,169,10,9,0.5350799081497685,0.9080230189639916,1,0,2.649876763824844e-05,3.592026346165395,3.580373550467844,2.105469893511281e-06,16,16,10.45580575471928,0.02183391049132676,0.9999999972775836,0.9709589202213299,7.571273683738969
dpss_wide64_to32_e12_hann,170,10,10,0.5350799081497685,1.0089144655155462,1,0,2.155709011258917e-05,0.018676469933407904,0.014414565385540822,2.149577097679112e-06,16,16,12.642057932086923,0.015804472670786367,0.9999999992149513,0.9865760782177624,7.438738591903663
dpss_wide64_to32_e12_hann,171,10,11,0.5350799081497685,1.109805912067101,1,0,1.8141563014597662e-05,3.0704519278998097,3.070720061228645,2.5512533058119577e-06,16,16,10.07289445832942,0.011794529174063246,0.9999999997249418,0.9838955776024131,7.494361566413065
dpss_wide64_to32_e12_hann,172,10,12,0.5350799081497685,1.2106973586186556,1,0,1.5676025148965396e-05,1.6623675695655291,1.657233634163277,2.4926669584133483e-06,16,16,6.571033084726959,0.010874492711682926,0.999999999890317,0.9678075706824965,7.419126866156207
dpss_wide64_to32_e12_hann,173,10,13,0.5350799081497685,1.31158880517021,1,0,1.3848661058646876e-05,2.080391768030346,2.085711591328059,3.0832702253180055e-06,16,16,8.957715760175606,0.013782119817400573,0.999999999953876,0.97556212444769,7.467819864575315
dpss_wide64_to32_e12_hann,174,10,14,0.5350799081497685,1.4124802517217647,1,0,1.2654360651918118e-05,5.768964418990276,5.771081924469905,3.5197490328831436e-06,16,16,8.960064490976299,0.013568307908106352,0.9999999999792027,0.9802660823593516,7.578631305533938
dpss_wide64_to32_e12_hann,175,10,15,0.5350799081497685,1.5133716982733196,1,0,1.1869478419516969e-05,18.333130117375934,18.318585438752823,3.84747771956204e-06,16,16,5.77792273263346,0.014621363910034659,0.9999999999892383,0.9711275663893294,6.640792606872187
dpss_wide64_to32_e12_hann,180,11,4,0.5842209147729299,0.4035657862062185,0,1,7.569881851716176e-05,1.8325288757324676,1.8693600321951724,9.553822837411637e-06,16,16,9.006461541929088,0.04530983027051279,0.9993573434849813,0.9666675732084562,7.219655397470366
dpss_wide64_to32_e12_hann,181,11,5,0.5842209147729299,0.5044572327577731,1,0,6.309677113547555e-05,8.216029340929063,8.221219528086321,1.2205626943243556e-06,16,16,13.286129739558362,0.013179132740428543,0.9998084115922027,0.9576953432204456,8.023802120810185
dpss_wide64_to32_e12_hann,182,11,6,0.5842209147729299,0.6053486793093278,1,0,4.875766519634894e-05,9.105696681494186,9.106366478679677,8.031987083610104e-07,16,16,10.316519847314073,0.007224992058591941,0.9999851278927538,0.9734281177989762,8.003421487538766
dpss_wide64_to32_e12_hann,183,11,7,0.5842209147729299,0.7062401258608824,1,0,3.7918817432636145e-05,2.4359769701495892,2.4392876025611505,8.971884702178973e-07,16,16,10.344453140157635,0.00889502288722097,0.9999998817838699,0.9688119304138509,8.049431305135137
dpss_wide64_to32_e12_hann,184,11,8,0.5842209147729299,0.807131572412437,1,0,3.0184682192072913e-05,-1.727540529764264,-1.7184525688013177,1.1353716974412261e-06,16,16,8.674318444763776,0.007269662744158206,0.9999999899678207,0.9764462358339203,7.806205334574086
dpss_wide64_to32_e12_hann,185,11,9,0.5842209147729299,0.9080230189639916,1,0,2.450061938222411e-05,-0.9243472798988873,-0.9166449501394822,1.0505483691437192e-06,16,16,7.858353335465303,0.011900160178828965,0.9999999980608063,0.9800137381969747,7.856027790978374
dpss_wide64_to32_e12_hann,186,11,10,0.5842209147729299,1.0089144655155462,1,0,2.001782224810324e-05,5.010496253268104,5.011382697675233,1.146514980634665e-06,16,16,15.163553261406381,0.00950747710118738,0.9999999994445711,0.9605881209097855,8.011507397050641
dpss_wide64_to32_e12_hann,187,11,11,0.5842209147729299,1.109805912067101,1,0,1.6802368900902968e-05,7.060790428871095,7.05349191607799,1.8964826314820896e-06,16,16,15.96535526473425,0.01599995897386825,0.9999999998020533,0.9508670510170133,7.988902553143538
dpss_wide64_to32_e12_hann,188,11,12,0.5842209147729299,1.2106973586186556,1,0,1.4686329671640804e-05,10.220220018058557,10.206182163841461,2.225135294335211e-06,16,16,13.474482885775474,0.02052266786134758,0.9999999999190825,0.9633488745482038,7.864478989318308
dpss_wide64_to32_e12_hann,189,11,13,0.5842209147729299,1.31158880517021,1,0,1.3121756506775723e-05,9.28361592711262,9.271164678510806,2.1578781119959515e-06,16,16,8.645183564735861,0.019923924124610987,0.9999999999619645,0.9627453560178533,8.008919034001954
dpss_wide64_to32_e12_hann,190,11,14,0.5842209147729299,1.4124802517217647,1,0,1.2095447362923841e-05,5.413504289497691,5.413942500124184,2.3652879565501186e-06,16,16,9.093212194464142,0.00997884476404694,0.9999999999798392,0.9684637543762471,8.121939209514931
dpss_wide64_to32_e12_hann,191,11,15,0.5842209147729299,1.5133716982733196,1,0,1.1512103242018387e-05,10.170202820950983,10.178103856015442,3.2779566266814687e-06,16,16,11.117709838620888,0.018691318254786028,0.9999999999872193,0.9714628663805132,6.9565308057068025
dpss_wide64_to32_e12_hann,196,12,4,0.6333619213960914,0.4035657862062185,0,1,6.515246796826082e-05,13.30207765781628,13.32535500225156,2.7091078307547718e-05,16,16,9.624657323782133,0.056727432012097505,0.9990171396912989,0.9400457482824602,7.3646843729025555
dpss_wide64_to32_e12_hann,197,12,5,0.6333619213960914,0.5044572327577731,1,0,5.509069691078723e-05,10.642394678417302,10.649401651078891,1.4401953339169444e-06,16,16,10.67055411133717,0.011389608249518426,0.9997366870756875,0.947999109292057,8.035017617190322
dpss_wide64_to32_e12_hann,198,12,6,0.6333619213960914,0.6053486793093278,1,0,4.3273047115322254e-05,-0.9534636990681216,-0.9528295911199096,2.521957656283686e-07,16,16,10.937653476013377,0.005768282402805854,0.9999780196440098,0.968850601201265,8.143346067534111
dpss_wide64_to32_e12_hann,199,12,7,0.6333619213960914,0.7062401258608824,1,0,3.428939015509348e-05,5.0480806622169565,5.048120490553543,2.1268880748151607e-07,16,16,7.173463372390268,0.003716699223875196,0.9999997548300984,0.9702396413223657,7.997000617586479
dpss_wide64_to32_e12_hann,200,12,8,0.6333619213960914,0.807131572412437,1,0,2.74224389538302e-05,12.51659705594261,12.518218005670928,3.072135523123346e-07,16,16,10.416706827059038,0.007237708635028103,0.9999999846148436,0.9707034584978236,8.0485372981313
dpss_wide64_to32_e12_hann,201,12,9,0.6333619213960914,0.9080230189639916,1,0,2.242933083385351e-05,6.841550845005149,6.842110524554316,3.396615483789722e-07,16,16,14.852610133611655,0.0046848565712650616,0.9999999971945498,0.9660788888896893,8.006338961557525
dpss_wide64_to32_e12_hann,202,12,10,0.6333619213960914,1.0089144655155462,1,0,1.872461058346888e-05,8.697671286021519,8.697081819190748,2.371327367665018e-07,16,16,7.809221543438925,0.0071504855656946064,0.999999999231501,0.9652716582311999,8.069875856950834
dpss_wide64_to32_e12_hann,203,12,11,0.6333619213960914,1.109805912067101,1,0,1.599396631808996e-05,14.367744518699824,14.365005772472829,3.024538633274671e-07,16,16,5.108188317869101,0.006046449292375472,0.9999999997306922,0.964125257132336,8.017882473232222
dpss_wide64_to32_e12_hann,204,12,12,0.6333619213960914,1.2106973586186556,1,0,1.3826402632884335e-05,9.730092730311497,9.730084070214454,3.4295200280659823e-07,16,16,6.925908834796619,0.00696449588236502,0.9999999998865022,0.9503204330343441,8.14613418843517
dpss_wide64_to32_e12_hann,205,12,13,0.6333619213960914,1.31158880517021,1,0,1.2181109756219173e-05,7.503966957739612,7.507060465076577,5.747157387965801e-07,16,16,10.289820336772237,0.009077854226185084,0.9999999999472526,0.9727157819829215,8.04792205102923
dpss_wide64_to32_e12_hann,206,12,14,0.6333619213960914,1.4124802517217647,1,0,1.1123822359750248e-05,-0.15222481548294,-0.15012262959678696,8.280598326934728e-07,16,16,14.581072693242572,0.014071209907754078,0.9999999999715321,0.9795194154123112,7.949790536153913
dpss_wide64_to32_e12_hann,207,12,15,0.6333619213960914,1.5133716982733196,1,0,1.0547343209835898e-05,3.472268689599292,3.471788651539839,1.2225360845914204e-06,16,16,11.659503269220489,0.013521956208318583,0.9999999999817013,0.9906043901375653,6.877023656714508
dpss_wide64_to32_e12_hann,212,13,4,0.6825029280192529,0.4035657862062185,0,1,5.4830389717838365e-05,7.581158693585991,7.592350091576285,1.1090459058620346e-06,16,16,10.952678331704604,0.015069340919472322,0.9989459948553692,0.9675612149466601,8.007196153980068
dpss_wide64_to32_e12_hann,213,13,5,0.6825029280192529,0.5044572327577731,1,0,4.849025582935221e-05,8.826388428514235,8.831064074117352,1.2340153906077517e-07,16,16,9.043011479636059,0.0040926777106050855,0.9996596218606804,0.9731796694819989,8.60258900916719
dpss_wide64_to32_e12_hann,214,13,6,0.6825029280192529,0.6053486793093278,1,0,3.918591789376255e-05,9.120820499432599,9.121137946007712,3.0875164318025676e-08,16,16,8.103440848326702,0.0010799908407861905,0.9999683954897631,0.9710501963171544,8.895990046844416
dpss_wide64_to32_e12_hann,215,13,7,0.6825029280192529,0.7062401258608824,1,0,3.1335333824272015e-05,3.0859234199915795,3.0870045080796054,3.653210712329499e-08,16,16,9.227194081905967,0.0019661765541343773,0.9999994674026421,0.9711708143620147,8.714506095609796
dpss_wide64_to32_e12_hann,216,13,8,0.6825029280192529,0.807131572412437,1,0,2.5276163499598897e-05,2.253186313750901,2.2543292778066952,5.0484333377615276e-08,16,16,11.457381108809322,0.004321092583072917,0.9999999778652858,0.9806825968672154,8.669191302550365
dpss_wide64_to32_e12_hann,217,13,9,0.6825029280192529,0.9080230189639916,1,0,2.0680982241076796e-05,14.92451278190259,14.924779767329905,5.896561335045068e-08,16,16,11.015574673301115,0.0039547986142157154,0.999999995924748,0.9798699085178068,8.63281002604751
dpss_wide64_to32_e12_hann,218,13,10,0.6825029280192529,1.0089144655155462,1,0,1.7204733485907645e-05,11.689212186585456,11.6891013125456,6.385827937261937e-08,16,16,6.973167041510379,0.0028314013969658503,0.9999999987822765,0.9728928601653744,8.56111119719308
dpss_wide64_to32_e12_hann,219,13,11,0.6825029280192529,1.109805912067101,1,0,1.4610822638523237e-05,6.2468089688142285,6.248154167217532,7.662508584971865e-08,16,16,11.361514169637928,0.0028286947567918008,0.9999999995326119,0.9657790237703932,8.689980793365999
dpss_wide64_to32_e12_hann,220,13,12,0.6825029280192529,1.2106973586186556,1,0,1.2749291482267186e-05,-0.21733067461919403,-0.21566863407129444,9.67521812592679e-08,16,16,9.811480279425043,0.0029675815314592563,0.9999999997944843,0.9702304359153695,8.759539292009867
dpss_wide64_to32_e12_hann,221,13,13,0.6825029280192529,1.31158880517021,1,0,1.1392443284367992e-05,3.0912705409744636,3.0893163633394964,1.0486545964769284e-07,16,16,7.557392889626881,0.004467807682599537,0.9999999999000135,0.9684150582435666,8.733198304865438
dpss_wide64_to32_e12_hann,222,13,14,0.6825029280192529,1.4124802517217647,1,0,1.0484648811601121e-05,4.916287892426756,4.914110324655332,1.0478464235841334e-07,16,16,7.7093963237400125,0.004498963633302479,0.9999999999479648,0.9774086737046205,8.703071795464243
dpss_wide64_to32_e12_hann,223,13,15,0.6825029280192529,1.5133716982733196,1,0,9.963554625323367e-06,-0.5651978066222161,-0.566899681930088,1.0985437328756624e-07,16,16,8.478056045182312,0.0024322945495401614,0.9999999999684267,0.9698334943823076,7.506986872025159
dpss_wide64_to32_e12_hann,228,14,4,0.7316439346424144,0.4035657862062185,0,1,4.791473759504981e-05,9.301333544780828,9.284519617242546,9.201032117101595e-06,16,16,8.049079742352445,0.03400068316155329,0.995628563561135,0.9800762299186998,8.708216212538645
dpss_wide64_to32_e12_hann,229,14,5,0.7316439346424144,0.5044572327577731,1,0,4.2573259915539355e-05,7.442023700189724,7.436328622664202,9.319846888956006e-07,16,16,10.841734530266816,0.007068220933893388,0.998934925396072,0.9873840079129621,9.226768485430606
dpss_wide64_to32_e12_hann,230,14,6,0.7316439346424144,0.6053486793093278,1,0,3.4420010948688095e-05,3.1525415298394224,3.151866197590371,3.967342524573498e-08,16,16,9.160340761207285,0.001739165022876457,0.9999537557341321,0.9802365343310218,9.273405907728826
dpss_wide64_to32_e12_hann,231,14,7,0.7316439346424144,0.7062401258608824,1,0,2.7972813125176064e-05,0.8332859161376028,0.8318705530765447,3.734185861867063e-08,16,16,9.361658504976013,0.002377531534874657,0.9999988574520752,0.9652659147514698,9.377219125850145
dpss_wide64_to32_e12_hann,232,14,8,0.7316439346424144,0.807131572412437,1,0,2.293196931916108e-05,0.7692465775210191,0.7686023802458635,5.065520638571536e-08,16,16,12.379136773777299,0.0022971004709019713,0.9999999422582729,0.9664686929822977,9.317353552728523
dpss_wide64_to32_e12_hann,233,14,9,0.7316439346424144,0.9080230189639916,1,0,1.900391368288818e-05,1.3996725024078025,1.3992761153808826,5.8448138820900915e-08,16,16,6.7367284281641435,0.0025003380412268105,0.9999999869093436,0.9806916553521584,9.334532129815845
dpss_wide64_to32_e12_hann,234,14,10,0.7316439346424144,1.0089144655155462,1,0,1.598083258571367e-05,8.62487311871715,8.628124436470841,6.514478015805765e-08,16,16,10.35847432622157,0.0038250372846683235,0.9999999955511217,0.9764534720237812,9.189154023163754
dpss_wide64_to32_e12_hann,235,14,11,0.7316439346424144,1.109805912067101,1,0,1.3669436244186314e-05,9.3907501621344,9.393589285601431,7.12826548885441e-08,16,16,6.30066371994996,0.0020779377591103113,0.9999999981636473,0.9742144324927863,9.141277782998836
dpss_wide64_to32_e12_hann,236,14,12,0.7316439346424144,1.2106973586186556,1,0,1.2007350660547083e-05,10.430435165905884,10.430289588135578,8.011451323271151e-08,16,16,11.608797177382458,0.0017301208332189985,0.9999999991443258,0.9649937577797043,9.364931776409776
dpss_wide64_to32_e12_hann,237,14,13,0.7316439346424144,1.31158880517021,1,0,1.0737921996381866e-05,9.730456951647188,9.73108137834954,9.170221474898874e-08,16,16,14.010803709628766,0.003237615994093865,0.9999999995742889,0.960908817477842,9.467309348603813
dpss_wide64_to32_e12_hann,238,14,14,0.7316439346424144,1.4124802517217647,1,0,9.77873216012121e-06,6.7516971071893535,6.751002245582683,9.837331459034384e-08,16,16,13.608008269252924,0.0034885762910783972,0.9999999997771886,0.9645424339336738,9.378036778467083
dpss_wide64_to32_e12_hann,239,14,15,0.7316439346424144,1.5133716982733196,1,0,9.240637137789738e-06,10.782818826640778,10.783704249057722,1.0532500350181973e-07,16,16,13.60436663715724,0.003944515237910948,0.999999999869088,0.9722964250409877,7.8484169573298175
dpss_wide64_to32_e12_hann,244,15,4,0.7807849412655758,0.4035657862062185,0,1,4.129800521080489e-05,3.3554275546232923,3.381419364795769,7.802472383766158e-06,16,16,7.265545656954445,0.04003988750323854,0.9930212338772328,0.9712720518108995,9.862180744045684
dpss_wide64_to32_e12_hann,245,15,5,0.7807849412655758,0.5044572327577731,1,0,3.771828651036035e-05,2.8963978451861276,2.906937380787137,1.12536423600845e-06,16,16,8.108426588579276,0.013225752378641688,0.9979973406226441,0.9795589705087903,9.986610970343053
dpss_wide64_to32_e12_hann,246,15,6,0.7807849412655758,0.6053486793093278,1,0,3.1060163669634e-05,1.0567524495359222,1.0563878224918237,6.713790540530795e-08,16,16,8.512217875792857,0.0029174717535878506,0.9999203276646746,0.9621180403685907,10.212015059640613
dpss_wide64_to32_e12_hann,247,15,7,0.7807849412655758,0.7062401258608824,1,0,2.534557985331653e-05,1.5427261235792484,1.5406531167260176,1.603854567273298e-07,16,16,10.408363002570187,0.004260253386883587,0.9999973107583394,0.9712158785784629,10.08125667950017
dpss_wide64_to32_e12_hann,248,15,8,0.7807849412655758,0.807131572412437,1,0,2.0948471570466883e-05,6.327234491501473,6.326327254060817,2.182916796544102e-07,16,16,9.209161305918,0.00503354584584538,0.9999998265888702,0.9683821297292577,10.192224665078633
dpss_wide64_to32_e12_hann,249,15,9,0.7807849412655758,0.9080230189639916,1,0,1.7334778750716213e-05,6.306407679868796,6.305907175660623,1.341196249931505e-07,16,16,11.458518741347062,0.0030153262583896973,0.9999999616731376,0.9693907690440484,10.131434361310472
dpss_wide64_to32_e12_hann,250,15,10,0.7807849412655758,1.0089144655155462,1,0,1.4568380297193595e-05,6.581485778838,6.5795333618885135,1.8488670558113964e-07,16,16,10.985700512846556,0.002768164258715158,0.9999999884070611,0.98749382814202,9.956748008525956
dpss_wide64_to32_e12_hann,251,15,11,0.7807849412655758,1.109805912067101,1,0,1.2540326334708566e-05,5.014365976205358,5.010221881865966,2.0915208964961365e-07,16,16,11.832698072747931,0.004698928226041487,0.9999999956667246,0.9922029178845012,9.982624096580768
dpss_wide64_to32_e12_hann,252,15,12,0.7807849412655758,1.2106973586186556,1,0,1.1065804389166875e-05,-2.3676648917786456,-2.368392766649864,3.814533742795569e-07,16,16,10.59604732324759,0.005782312670070859,0.999999998123177,0.9881585113341324,9.80212350560538
dpss_wide64_to32_e12_hann,253,15,13,0.7807849412655758,1.31158880517021,1,0,9.917943979291082e-06,-0.5818068092287166,-0.5750139074227857,7.469975717409932e-07,16,16,12.376885419977596,0.006008843309755467,0.9999999990857878,0.9802058293501468,10.084287794150018
dpss_wide64_to32_e12_hann,254,15,14,0.7807849412655758,1.4124802517217647,1,0,9.086159964690544e-06,5.622152362561414,5.628476994275522,4.850705534981394e-07,16,16,9.124180780529876,0.005590046407475162,0.9999999995052279,0.9865295908217371,10.111332172383074
dpss_wide64_to32_e12_hann,255,15,15,0.7807849412655758,1.5133716982733196,1,0,8.615896673511278e-06,6.424040589433641,6.422635520584579,3.14491969657972e-07,16,16,10.867594795540029,0.005970188326924261,0.9999999996763212,0.9775014610073054,8.518228356214976
